rec_id1,rec_id2
rec-1790-org,rec-1790-dup-0
rec-1790-org,rec-1790-dup-1
rec-1790-dup-0,rec-1790-dup-1
rec-1790-org,rec-1790-dup-2
rec-1790-dup-0,rec-1790-dup-2
rec-1790-dup-1,rec-1790-dup-2
rec-2786-org,rec-2786-dup-0
rec-2786-org,rec-2786-dup-1
rec-2786-dup-0,rec-2786-dup-1
rec-2786-org,rec-2786-dup-2
rec-2786-dup-0,rec-2786-dup-2
rec-2786-dup-1,rec-2786-dup-2
rec-6359-org,rec-6359-dup-0
rec-6860-org,rec-6860-dup-0
rec-2121-org,rec-2121-dup-0
rec-3509-org,rec-3509-dup-0
rec-1670-org,rec-1670-dup-0
rec-7674-org,rec-7674-dup-0
rec-7674-org,rec-7674-dup-1
rec-7674-dup-0,rec-7674-dup-1
rec-4795-org,rec-4795-dup-0
rec-4795-org,rec-4795-dup-1
rec-4795-dup-0,rec-4795-dup-1
rec-4795-org,rec-4795-dup-2
rec-4795-dup-0,rec-4795-dup-2
rec-4795-dup-1,rec-4795-dup-2
rec-5121-org,rec-5121-dup-0
rec-5872-org,rec-5872-dup-0
rec-5872-org,rec-5872-dup-1
rec-5872-dup-0,rec-5872-dup-1
rec-520-org,rec-520-dup-0
rec-520-org,rec-520-dup-1
rec-520-dup-0,rec-520-dup-1
rec-4214-org,rec-4214-dup-0
rec-6685-org,rec-6685-dup-0
rec-6685-org,rec-6685-dup-1
rec-6685-dup-0,rec-6685-dup-1
rec-6685-org,rec-6685-dup-2
rec-6685-dup-0,rec-6685-dup-2
rec-6685-dup-1,rec-6685-dup-2
rec-4242-org,rec-4242-dup-0
rec-4242-org,rec-4242-dup-1
rec-4242-dup-0,rec-4242-dup-1
rec-3883-org,rec-3883-dup-0
rec-3548-org,rec-3548-dup-0
rec-3348-org,rec-3348-dup-0
rec-5007-org,rec-5007-dup-0
rec-2854-org,rec-2854-dup-0
rec-2842-org,rec-2842-dup-0
rec-2842-org,rec-2842-dup-1
rec-2842-dup-0,rec-2842-dup-1
rec-3124-org,rec-3124-dup-0
rec-3124-org,rec-3124-dup-1
rec-3124-dup-0,rec-3124-dup-1
rec-998-org,rec-998-dup-0
rec-7034-org,rec-7034-dup-0
rec-7034-org,rec-7034-dup-1
rec-7034-dup-0,rec-7034-dup-1
rec-3821-org,rec-3821-dup-0
rec-3821-org,rec-3821-dup-1
rec-3821-dup-0,rec-3821-dup-1
rec-3821-org,rec-3821-dup-2
rec-3821-dup-0,rec-3821-dup-2
rec-3821-dup-1,rec-3821-dup-2
rec-3389-org,rec-3389-dup-0
rec-4539-org,rec-4539-dup-0
rec-4539-org,rec-4539-dup-1
rec-4539-dup-0,rec-4539-dup-1
rec-6906-org,rec-6906-dup-0
rec-6906-org,rec-6906-dup-1
rec-6906-dup-0,rec-6906-dup-1
rec-1056-org,rec-1056-dup-0
rec-1056-org,rec-1056-dup-1
rec-1056-dup-0,rec-1056-dup-1
rec-3139-org,rec-3139-dup-0
rec-3139-org,rec-3139-dup-1
rec-3139-dup-0,rec-3139-dup-1
rec-3139-org,rec-3139-dup-2
rec-3139-dup-0,rec-3139-dup-2
rec-3139-dup-1,rec-3139-dup-2
rec-960-org,rec-960-dup-0
rec-960-org,rec-960-dup-1
rec-960-dup-0,rec-960-dup-1
rec-960-org,rec-960-dup-2
rec-960-dup-0,rec-960-dup-2
rec-960-dup-1,rec-960-dup-2
rec-4318-org,rec-4318-dup-0
rec-4318-org,rec-4318-dup-1
rec-4318-dup-0,rec-4318-dup-1
rec-1343-org,rec-1343-dup-0
rec-1343-org,rec-1343-dup-1
rec-1343-dup-0,rec-1343-dup-1
rec-1343-org,rec-1343-dup-2
rec-1343-dup-0,rec-1343-dup-2
rec-1343-dup-1,rec-1343-dup-2
rec-6765-org,rec-6765-dup-0
rec-6765-org,rec-6765-dup-1
rec-6765-dup-0,rec-6765-dup-1
rec-8367-org,rec-8367-dup-0
rec-8367-org,rec-8367-dup-1
rec-8367-dup-0,rec-8367-dup-1
rec-5837-org,rec-5837-dup-0
rec-8116-org,rec-8116-dup-0
rec-8116-org,rec-8116-dup-1
rec-8116-dup-0,rec-8116-dup-1
rec-3561-org,rec-3561-dup-0
rec-5825-org,rec-5825-dup-0
rec-4454-org,rec-4454-dup-0
rec-4454-org,rec-4454-dup-1
rec-4454-dup-0,rec-4454-dup-1
rec-5932-org,rec-5932-dup-0
rec-3226-org,rec-3226-dup-0
rec-3801-org,rec-3801-dup-0
rec-3801-org,rec-3801-dup-1
rec-3801-dup-0,rec-3801-dup-1
rec-3335-org,rec-3335-dup-0
rec-7581-org,rec-7581-dup-0
rec-7581-org,rec-7581-dup-1
rec-7581-dup-0,rec-7581-dup-1
rec-2566-org,rec-2566-dup-0
rec-623-org,rec-623-dup-0
rec-623-org,rec-623-dup-1
rec-623-dup-0,rec-623-dup-1
rec-1630-org,rec-1630-dup-0
rec-1630-org,rec-1630-dup-1
rec-1630-dup-0,rec-1630-dup-1
rec-1630-org,rec-1630-dup-2
rec-1630-dup-0,rec-1630-dup-2
rec-1630-dup-1,rec-1630-dup-2
rec-1069-org,rec-1069-dup-0
rec-1069-org,rec-1069-dup-1
rec-1069-dup-0,rec-1069-dup-1
rec-775-org,rec-775-dup-0
rec-775-org,rec-775-dup-1
rec-775-dup-0,rec-775-dup-1
rec-4928-org,rec-4928-dup-0
rec-4928-org,rec-4928-dup-1
rec-4928-dup-0,rec-4928-dup-1
rec-89-org,rec-89-dup-0
rec-89-org,rec-89-dup-1
rec-89-dup-0,rec-89-dup-1
rec-89-org,rec-89-dup-2
rec-89-dup-0,rec-89-dup-2
rec-89-dup-1,rec-89-dup-2
rec-1650-org,rec-1650-dup-0
rec-1650-org,rec-1650-dup-1
rec-1650-dup-0,rec-1650-dup-1
rec-6046-org,rec-6046-dup-0
rec-6046-org,rec-6046-dup-1
rec-6046-dup-0,rec-6046-dup-1
rec-1298-org,rec-1298-dup-0
rec-1298-org,rec-1298-dup-1
rec-1298-dup-0,rec-1298-dup-1
rec-4927-org,rec-4927-dup-0
rec-4927-org,rec-4927-dup-1
rec-4927-dup-0,rec-4927-dup-1
rec-7856-org,rec-7856-dup-0
rec-7856-org,rec-7856-dup-1
rec-7856-dup-0,rec-7856-dup-1
rec-4725-org,rec-4725-dup-0
rec-4725-org,rec-4725-dup-1
rec-4725-dup-0,rec-4725-dup-1
rec-4725-org,rec-4725-dup-2
rec-4725-dup-0,rec-4725-dup-2
rec-4725-dup-1,rec-4725-dup-2
rec-5609-org,rec-5609-dup-0
rec-5609-org,rec-5609-dup-1
rec-5609-dup-0,rec-5609-dup-1
rec-5609-org,rec-5609-dup-2
rec-5609-dup-0,rec-5609-dup-2
rec-5609-dup-1,rec-5609-dup-2
rec-1128-org,rec-1128-dup-0
rec-1128-org,rec-1128-dup-1
rec-1128-dup-0,rec-1128-dup-1
rec-5218-org,rec-5218-dup-0
rec-5218-org,rec-5218-dup-1
rec-5218-dup-0,rec-5218-dup-1
rec-360-org,rec-360-dup-0
rec-360-org,rec-360-dup-1
rec-360-dup-0,rec-360-dup-1
rec-3208-org,rec-3208-dup-0
rec-3208-org,rec-3208-dup-1
rec-3208-dup-0,rec-3208-dup-1
rec-3208-org,rec-3208-dup-2
rec-3208-dup-0,rec-3208-dup-2
rec-3208-dup-1,rec-3208-dup-2
rec-444-org,rec-444-dup-0
rec-444-org,rec-444-dup-1
rec-444-dup-0,rec-444-dup-1
rec-6315-org,rec-6315-dup-0
rec-6315-org,rec-6315-dup-1
rec-6315-dup-0,rec-6315-dup-1
rec-2422-org,rec-2422-dup-0
rec-4205-org,rec-4205-dup-0
rec-4205-org,rec-4205-dup-1
rec-4205-dup-0,rec-4205-dup-1
rec-4205-org,rec-4205-dup-2
rec-4205-dup-0,rec-4205-dup-2
rec-4205-dup-1,rec-4205-dup-2
rec-6195-org,rec-6195-dup-0
rec-7979-org,rec-7979-dup-0
rec-7979-org,rec-7979-dup-1
rec-7979-dup-0,rec-7979-dup-1
rec-4523-org,rec-4523-dup-0
rec-4523-org,rec-4523-dup-1
rec-4523-dup-0,rec-4523-dup-1
rec-7027-org,rec-7027-dup-0
rec-7027-org,rec-7027-dup-1
rec-7027-dup-0,rec-7027-dup-1
rec-7027-org,rec-7027-dup-2
rec-7027-dup-0,rec-7027-dup-2
rec-7027-dup-1,rec-7027-dup-2
rec-6305-org,rec-6305-dup-0
rec-6305-org,rec-6305-dup-1
rec-6305-dup-0,rec-6305-dup-1
rec-6339-org,rec-6339-dup-0
rec-6339-org,rec-6339-dup-1
rec-6339-dup-0,rec-6339-dup-1
rec-3309-org,rec-3309-dup-0
rec-576-org,rec-576-dup-0
rec-576-org,rec-576-dup-1
rec-576-dup-0,rec-576-dup-1
rec-2310-org,rec-2310-dup-0
rec-2310-org,rec-2310-dup-1
rec-2310-dup-0,rec-2310-dup-1
rec-6678-org,rec-6678-dup-0
rec-6678-org,rec-6678-dup-1
rec-6678-dup-0,rec-6678-dup-1
rec-6678-org,rec-6678-dup-2
rec-6678-dup-0,rec-6678-dup-2
rec-6678-dup-1,rec-6678-dup-2
rec-2031-org,rec-2031-dup-0
rec-2357-org,rec-2357-dup-0
rec-2357-org,rec-2357-dup-1
rec-2357-dup-0,rec-2357-dup-1
rec-3588-org,rec-3588-dup-0
rec-5403-org,rec-5403-dup-0
rec-5403-org,rec-5403-dup-1
rec-5403-dup-0,rec-5403-dup-1
rec-913-org,rec-913-dup-0
rec-3736-org,rec-3736-dup-0
rec-3736-org,rec-3736-dup-1
rec-3736-dup-0,rec-3736-dup-1
rec-751-org,rec-751-dup-0
rec-751-org,rec-751-dup-1
rec-751-dup-0,rec-751-dup-1
rec-6329-org,rec-6329-dup-0
rec-4933-org,rec-4933-dup-0
rec-4933-org,rec-4933-dup-1
rec-4933-dup-0,rec-4933-dup-1
rec-1060-org,rec-1060-dup-0
rec-1060-org,rec-1060-dup-1
rec-1060-dup-0,rec-1060-dup-1
rec-4394-org,rec-4394-dup-0
rec-4394-org,rec-4394-dup-1
rec-4394-dup-0,rec-4394-dup-1
rec-4394-org,rec-4394-dup-2
rec-4394-dup-0,rec-4394-dup-2
rec-4394-dup-1,rec-4394-dup-2
rec-2948-org,rec-2948-dup-0
rec-2948-org,rec-2948-dup-1
rec-2948-dup-0,rec-2948-dup-1
rec-2768-org,rec-2768-dup-0
rec-2768-org,rec-2768-dup-1
rec-2768-dup-0,rec-2768-dup-1
rec-2141-org,rec-2141-dup-0
rec-4296-org,rec-4296-dup-0
rec-4296-org,rec-4296-dup-1
rec-4296-dup-0,rec-4296-dup-1
rec-4296-org,rec-4296-dup-2
rec-4296-dup-0,rec-4296-dup-2
rec-4296-dup-1,rec-4296-dup-2
rec-6758-org,rec-6758-dup-0
rec-6758-org,rec-6758-dup-1
rec-6758-dup-0,rec-6758-dup-1
rec-6758-org,rec-6758-dup-2
rec-6758-dup-0,rec-6758-dup-2
rec-6758-dup-1,rec-6758-dup-2
rec-4695-org,rec-4695-dup-0
rec-4695-org,rec-4695-dup-1
rec-4695-dup-0,rec-4695-dup-1
rec-4695-org,rec-4695-dup-2
rec-4695-dup-0,rec-4695-dup-2
rec-4695-dup-1,rec-4695-dup-2
rec-7135-org,rec-7135-dup-0
rec-3708-org,rec-3708-dup-0
rec-3708-org,rec-3708-dup-1
rec-3708-dup-0,rec-3708-dup-1
rec-2326-org,rec-2326-dup-0
rec-2326-org,rec-2326-dup-1
rec-2326-dup-0,rec-2326-dup-1
rec-1491-org,rec-1491-dup-0
rec-1491-org,rec-1491-dup-1
rec-1491-dup-0,rec-1491-dup-1
rec-1491-org,rec-1491-dup-2
rec-1491-dup-0,rec-1491-dup-2
rec-1491-dup-1,rec-1491-dup-2
rec-7606-org,rec-7606-dup-0
rec-5307-org,rec-5307-dup-0
rec-5307-org,rec-5307-dup-1
rec-5307-dup-0,rec-5307-dup-1
rec-5307-org,rec-5307-dup-2
rec-5307-dup-0,rec-5307-dup-2
rec-5307-dup-1,rec-5307-dup-2
rec-6839-org,rec-6839-dup-0
rec-4962-org,rec-4962-dup-0
rec-4962-org,rec-4962-dup-1
rec-4962-dup-0,rec-4962-dup-1
rec-919-org,rec-919-dup-0
rec-919-org,rec-919-dup-1
rec-919-dup-0,rec-919-dup-1
rec-3611-org,rec-3611-dup-0
rec-3611-org,rec-3611-dup-1
rec-3611-dup-0,rec-3611-dup-1
rec-2313-org,rec-2313-dup-0
rec-6946-org,rec-6946-dup-0
rec-6543-org,rec-6543-dup-0
rec-6543-org,rec-6543-dup-1
rec-6543-dup-0,rec-6543-dup-1
rec-6543-org,rec-6543-dup-2
rec-6543-dup-0,rec-6543-dup-2
rec-6543-dup-1,rec-6543-dup-2
rec-2765-org,rec-2765-dup-0
rec-2765-org,rec-2765-dup-1
rec-2765-dup-0,rec-2765-dup-1
rec-2765-org,rec-2765-dup-2
rec-2765-dup-0,rec-2765-dup-2
rec-2765-dup-1,rec-2765-dup-2
rec-1474-org,rec-1474-dup-0
rec-1474-org,rec-1474-dup-1
rec-1474-dup-0,rec-1474-dup-1
rec-1474-org,rec-1474-dup-2
rec-1474-dup-0,rec-1474-dup-2
rec-1474-dup-1,rec-1474-dup-2
rec-2246-org,rec-2246-dup-0
rec-2246-org,rec-2246-dup-1
rec-2246-dup-0,rec-2246-dup-1
rec-2246-org,rec-2246-dup-2
rec-2246-dup-0,rec-2246-dup-2
rec-2246-dup-1,rec-2246-dup-2
rec-8270-org,rec-8270-dup-0
rec-544-org,rec-544-dup-0
rec-3475-org,rec-3475-dup-0
rec-3475-org,rec-3475-dup-1
rec-3475-dup-0,rec-3475-dup-1
rec-7115-org,rec-7115-dup-0
rec-7115-org,rec-7115-dup-1
rec-7115-dup-0,rec-7115-dup-1
rec-7954-org,rec-7954-dup-0
rec-7954-org,rec-7954-dup-1
rec-7954-dup-0,rec-7954-dup-1
rec-7954-org,rec-7954-dup-2
rec-7954-dup-0,rec-7954-dup-2
rec-7954-dup-1,rec-7954-dup-2
rec-735-org,rec-735-dup-0
rec-735-org,rec-735-dup-1
rec-735-dup-0,rec-735-dup-1
rec-2466-org,rec-2466-dup-0
rec-2466-org,rec-2466-dup-1
rec-2466-dup-0,rec-2466-dup-1
rec-2466-org,rec-2466-dup-2
rec-2466-dup-0,rec-2466-dup-2
rec-2466-dup-1,rec-2466-dup-2
rec-8451-org,rec-8451-dup-0
rec-8451-org,rec-8451-dup-1
rec-8451-dup-0,rec-8451-dup-1
rec-4388-org,rec-4388-dup-0
rec-4388-org,rec-4388-dup-1
rec-4388-dup-0,rec-4388-dup-1
rec-4889-org,rec-4889-dup-0
rec-4889-org,rec-4889-dup-1
rec-4889-dup-0,rec-4889-dup-1
rec-4889-org,rec-4889-dup-2
rec-4889-dup-0,rec-4889-dup-2
rec-4889-dup-1,rec-4889-dup-2
rec-5458-org,rec-5458-dup-0
rec-5458-org,rec-5458-dup-1
rec-5458-dup-0,rec-5458-dup-1
rec-6548-org,rec-6548-dup-0
rec-7882-org,rec-7882-dup-0
rec-6260-org,rec-6260-dup-0
rec-6260-org,rec-6260-dup-1
rec-6260-dup-0,rec-6260-dup-1
rec-1966-org,rec-1966-dup-0
rec-7924-org,rec-7924-dup-0
rec-7924-org,rec-7924-dup-1
rec-7924-dup-0,rec-7924-dup-1
rec-1632-org,rec-1632-dup-0
rec-1632-org,rec-1632-dup-1
rec-1632-dup-0,rec-1632-dup-1
rec-1349-org,rec-1349-dup-0
rec-1344-org,rec-1344-dup-0
rec-1344-org,rec-1344-dup-1
rec-1344-dup-0,rec-1344-dup-1
rec-1344-org,rec-1344-dup-2
rec-1344-dup-0,rec-1344-dup-2
rec-1344-dup-1,rec-1344-dup-2
rec-6709-org,rec-6709-dup-0
rec-6709-org,rec-6709-dup-1
rec-6709-dup-0,rec-6709-dup-1
rec-6709-org,rec-6709-dup-2
rec-6709-dup-0,rec-6709-dup-2
rec-6709-dup-1,rec-6709-dup-2
rec-879-org,rec-879-dup-0
rec-879-org,rec-879-dup-1
rec-879-dup-0,rec-879-dup-1
rec-5877-org,rec-5877-dup-0
rec-5877-org,rec-5877-dup-1
rec-5877-dup-0,rec-5877-dup-1
rec-5396-org,rec-5396-dup-0
rec-5396-org,rec-5396-dup-1
rec-5396-dup-0,rec-5396-dup-1
rec-2043-org,rec-2043-dup-0
rec-7061-org,rec-7061-dup-0
rec-5381-org,rec-5381-dup-0
rec-5381-org,rec-5381-dup-1
rec-5381-dup-0,rec-5381-dup-1
rec-1587-org,rec-1587-dup-0
rec-1587-org,rec-1587-dup-1
rec-1587-dup-0,rec-1587-dup-1
rec-1587-org,rec-1587-dup-2
rec-1587-dup-0,rec-1587-dup-2
rec-1587-dup-1,rec-1587-dup-2
rec-3193-org,rec-3193-dup-0
rec-7389-org,rec-7389-dup-0
rec-7389-org,rec-7389-dup-1
rec-7389-dup-0,rec-7389-dup-1
rec-5201-org,rec-5201-dup-0
rec-5201-org,rec-5201-dup-1
rec-5201-dup-0,rec-5201-dup-1
rec-1872-org,rec-1872-dup-0
rec-5219-org,rec-5219-dup-0
rec-5219-org,rec-5219-dup-1
rec-5219-dup-0,rec-5219-dup-1
rec-5219-org,rec-5219-dup-2
rec-5219-dup-0,rec-5219-dup-2
rec-5219-dup-1,rec-5219-dup-2
rec-7984-org,rec-7984-dup-0
rec-1801-org,rec-1801-dup-0
rec-4849-org,rec-4849-dup-0
rec-4849-org,rec-4849-dup-1
rec-4849-dup-0,rec-4849-dup-1
rec-907-org,rec-907-dup-0
rec-907-org,rec-907-dup-1
rec-907-dup-0,rec-907-dup-1
rec-907-org,rec-907-dup-2
rec-907-dup-0,rec-907-dup-2
rec-907-dup-1,rec-907-dup-2
rec-3970-org,rec-3970-dup-0
rec-7443-org,rec-7443-dup-0
rec-3597-org,rec-3597-dup-0
rec-8225-org,rec-8225-dup-0
rec-8225-org,rec-8225-dup-1
rec-8225-dup-0,rec-8225-dup-1
rec-1285-org,rec-1285-dup-0
rec-1285-org,rec-1285-dup-1
rec-1285-dup-0,rec-1285-dup-1
rec-2018-org,rec-2018-dup-0
rec-2018-org,rec-2018-dup-1
rec-2018-dup-0,rec-2018-dup-1
rec-6247-org,rec-6247-dup-0
rec-6247-org,rec-6247-dup-1
rec-6247-dup-0,rec-6247-dup-1
rec-8319-org,rec-8319-dup-0
rec-5545-org,rec-5545-dup-0
rec-5545-org,rec-5545-dup-1
rec-5545-dup-0,rec-5545-dup-1
rec-7710-org,rec-7710-dup-0
rec-2744-org,rec-2744-dup-0
rec-3492-org,rec-3492-dup-0
rec-3492-org,rec-3492-dup-1
rec-3492-dup-0,rec-3492-dup-1
rec-3070-org,rec-3070-dup-0
rec-3070-org,rec-3070-dup-1
rec-3070-dup-0,rec-3070-dup-1
rec-3070-org,rec-3070-dup-2
rec-3070-dup-0,rec-3070-dup-2
rec-3070-dup-1,rec-3070-dup-2
rec-6804-org,rec-6804-dup-0
rec-6804-org,rec-6804-dup-1
rec-6804-dup-0,rec-6804-dup-1
rec-5210-org,rec-5210-dup-0
rec-5210-org,rec-5210-dup-1
rec-5210-dup-0,rec-5210-dup-1
rec-5426-org,rec-5426-dup-0
rec-5426-org,rec-5426-dup-1
rec-5426-dup-0,rec-5426-dup-1
rec-5426-org,rec-5426-dup-2
rec-5426-dup-0,rec-5426-dup-2
rec-5426-dup-1,rec-5426-dup-2
rec-6814-org,rec-6814-dup-0
rec-812-org,rec-812-dup-0
rec-1314-org,rec-1314-dup-0
rec-1314-org,rec-1314-dup-1
rec-1314-dup-0,rec-1314-dup-1
rec-1314-org,rec-1314-dup-2
rec-1314-dup-0,rec-1314-dup-2
rec-1314-dup-1,rec-1314-dup-2
rec-8211-org,rec-8211-dup-0
rec-7209-org,rec-7209-dup-0
rec-7209-org,rec-7209-dup-1
rec-7209-dup-0,rec-7209-dup-1
rec-1420-org,rec-1420-dup-0
rec-1420-org,rec-1420-dup-1
rec-1420-dup-0,rec-1420-dup-1
rec-3016-org,rec-3016-dup-0
rec-3016-org,rec-3016-dup-1
rec-3016-dup-0,rec-3016-dup-1
rec-3016-org,rec-3016-dup-2
rec-3016-dup-0,rec-3016-dup-2
rec-3016-dup-1,rec-3016-dup-2
rec-8260-org,rec-8260-dup-0
rec-8260-org,rec-8260-dup-1
rec-8260-dup-0,rec-8260-dup-1
rec-5066-org,rec-5066-dup-0
rec-4748-org,rec-4748-dup-0
rec-4748-org,rec-4748-dup-1
rec-4748-dup-0,rec-4748-dup-1
rec-6415-org,rec-6415-dup-0
rec-2928-org,rec-2928-dup-0
rec-5978-org,rec-5978-dup-0
rec-5978-org,rec-5978-dup-1
rec-5978-dup-0,rec-5978-dup-1
rec-5978-org,rec-5978-dup-2
rec-5978-dup-0,rec-5978-dup-2
rec-5978-dup-1,rec-5978-dup-2
rec-983-org,rec-983-dup-0
rec-983-org,rec-983-dup-1
rec-983-dup-0,rec-983-dup-1
rec-2317-org,rec-2317-dup-0
rec-8235-org,rec-8235-dup-0
rec-8235-org,rec-8235-dup-1
rec-8235-dup-0,rec-8235-dup-1
rec-8235-org,rec-8235-dup-2
rec-8235-dup-0,rec-8235-dup-2
rec-8235-dup-1,rec-8235-dup-2
rec-3305-org,rec-3305-dup-0
rec-3305-org,rec-3305-dup-1
rec-3305-dup-0,rec-3305-dup-1
rec-7055-org,rec-7055-dup-0
rec-2878-org,rec-2878-dup-0
rec-2878-org,rec-2878-dup-1
rec-2878-dup-0,rec-2878-dup-1
rec-3130-org,rec-3130-dup-0
rec-3130-org,rec-3130-dup-1
rec-3130-dup-0,rec-3130-dup-1
rec-2412-org,rec-2412-dup-0
rec-3412-org,rec-3412-dup-0
rec-3412-org,rec-3412-dup-1
rec-3412-dup-0,rec-3412-dup-1
rec-3412-org,rec-3412-dup-2
rec-3412-dup-0,rec-3412-dup-2
rec-3412-dup-1,rec-3412-dup-2
rec-6235-org,rec-6235-dup-0
rec-8120-org,rec-8120-dup-0
rec-8120-org,rec-8120-dup-1
rec-8120-dup-0,rec-8120-dup-1
rec-300-org,rec-300-dup-0
rec-300-org,rec-300-dup-1
rec-300-dup-0,rec-300-dup-1
rec-5689-org,rec-5689-dup-0
rec-5689-org,rec-5689-dup-1
rec-5689-dup-0,rec-5689-dup-1
rec-7534-org,rec-7534-dup-0
rec-7534-org,rec-7534-dup-1
rec-7534-dup-0,rec-7534-dup-1
rec-7849-org,rec-7849-dup-0
rec-8465-org,rec-8465-dup-0
rec-8465-org,rec-8465-dup-1
rec-8465-dup-0,rec-8465-dup-1
rec-7224-org,rec-7224-dup-0
rec-7224-org,rec-7224-dup-1
rec-7224-dup-0,rec-7224-dup-1
rec-8016-org,rec-8016-dup-0
rec-8016-org,rec-8016-dup-1
rec-8016-dup-0,rec-8016-dup-1
rec-1075-org,rec-1075-dup-0
rec-1075-org,rec-1075-dup-1
rec-1075-dup-0,rec-1075-dup-1
rec-5569-org,rec-5569-dup-0
rec-7130-org,rec-7130-dup-0
rec-7130-org,rec-7130-dup-1
rec-7130-dup-0,rec-7130-dup-1
rec-7130-org,rec-7130-dup-2
rec-7130-dup-0,rec-7130-dup-2
rec-7130-dup-1,rec-7130-dup-2
rec-6079-org,rec-6079-dup-0
rec-6369-org,rec-6369-dup-0
rec-6369-org,rec-6369-dup-1
rec-6369-dup-0,rec-6369-dup-1
rec-6369-org,rec-6369-dup-2
rec-6369-dup-0,rec-6369-dup-2
rec-6369-dup-1,rec-6369-dup-2
rec-1393-org,rec-1393-dup-0
rec-1393-org,rec-1393-dup-1
rec-1393-dup-0,rec-1393-dup-1
rec-1393-org,rec-1393-dup-2
rec-1393-dup-0,rec-1393-dup-2
rec-1393-dup-1,rec-1393-dup-2
rec-1735-org,rec-1735-dup-0
rec-1735-org,rec-1735-dup-1
rec-1735-dup-0,rec-1735-dup-1
rec-1735-org,rec-1735-dup-2
rec-1735-dup-0,rec-1735-dup-2
rec-1735-dup-1,rec-1735-dup-2
rec-1100-org,rec-1100-dup-0
rec-4-org,rec-4-dup-0
rec-4-org,rec-4-dup-1
rec-4-dup-0,rec-4-dup-1
rec-1193-org,rec-1193-dup-0
rec-1193-org,rec-1193-dup-1
rec-1193-dup-0,rec-1193-dup-1
rec-1193-org,rec-1193-dup-2
rec-1193-dup-0,rec-1193-dup-2
rec-1193-dup-1,rec-1193-dup-2
rec-8041-org,rec-8041-dup-0
rec-7032-org,rec-7032-dup-0
rec-7032-org,rec-7032-dup-1
rec-7032-dup-0,rec-7032-dup-1
rec-5284-org,rec-5284-dup-0
rec-5284-org,rec-5284-dup-1
rec-5284-dup-0,rec-5284-dup-1
rec-5284-org,rec-5284-dup-2
rec-5284-dup-0,rec-5284-dup-2
rec-5284-dup-1,rec-5284-dup-2
rec-7315-org,rec-7315-dup-0
rec-7315-org,rec-7315-dup-1
rec-7315-dup-0,rec-7315-dup-1
rec-698-org,rec-698-dup-0
rec-698-org,rec-698-dup-1
rec-698-dup-0,rec-698-dup-1
rec-698-org,rec-698-dup-2
rec-698-dup-0,rec-698-dup-2
rec-698-dup-1,rec-698-dup-2
rec-6205-org,rec-6205-dup-0
rec-6205-org,rec-6205-dup-1
rec-6205-dup-0,rec-6205-dup-1
rec-4950-org,rec-4950-dup-0
rec-4950-org,rec-4950-dup-1
rec-4950-dup-0,rec-4950-dup-1
rec-2232-org,rec-2232-dup-0
rec-2232-org,rec-2232-dup-1
rec-2232-dup-0,rec-2232-dup-1
rec-2232-org,rec-2232-dup-2
rec-2232-dup-0,rec-2232-dup-2
rec-2232-dup-1,rec-2232-dup-2
rec-1219-org,rec-1219-dup-0
rec-3262-org,rec-3262-dup-0
rec-6921-org,rec-6921-dup-0
rec-6921-org,rec-6921-dup-1
rec-6921-dup-0,rec-6921-dup-1
rec-6710-org,rec-6710-dup-0
rec-8322-org,rec-8322-dup-0
rec-4940-org,rec-4940-dup-0
rec-4940-org,rec-4940-dup-1
rec-4940-dup-0,rec-4940-dup-1
rec-4940-org,rec-4940-dup-2
rec-4940-dup-0,rec-4940-dup-2
rec-4940-dup-1,rec-4940-dup-2
rec-765-org,rec-765-dup-0
rec-1486-org,rec-1486-dup-0
rec-1486-org,rec-1486-dup-1
rec-1486-dup-0,rec-1486-dup-1
rec-4069-org,rec-4069-dup-0
rec-4069-org,rec-4069-dup-1
rec-4069-dup-0,rec-4069-dup-1
rec-4587-org,rec-4587-dup-0
rec-4587-org,rec-4587-dup-1
rec-4587-dup-0,rec-4587-dup-1
rec-6789-org,rec-6789-dup-0
rec-6789-org,rec-6789-dup-1
rec-6789-dup-0,rec-6789-dup-1
rec-1737-org,rec-1737-dup-0
rec-1737-org,rec-1737-dup-1
rec-1737-dup-0,rec-1737-dup-1
rec-493-org,rec-493-dup-0
rec-493-org,rec-493-dup-1
rec-493-dup-0,rec-493-dup-1
rec-493-org,rec-493-dup-2
rec-493-dup-0,rec-493-dup-2
rec-493-dup-1,rec-493-dup-2
rec-1968-org,rec-1968-dup-0
rec-4221-org,rec-4221-dup-0
rec-4221-org,rec-4221-dup-1
rec-4221-dup-0,rec-4221-dup-1
rec-4221-org,rec-4221-dup-2
rec-4221-dup-0,rec-4221-dup-2
rec-4221-dup-1,rec-4221-dup-2
rec-3283-org,rec-3283-dup-0
rec-3283-org,rec-3283-dup-1
rec-3283-dup-0,rec-3283-dup-1
rec-7938-org,rec-7938-dup-0
rec-5294-org,rec-5294-dup-0
rec-5294-org,rec-5294-dup-1
rec-5294-dup-0,rec-5294-dup-1
rec-5659-org,rec-5659-dup-0
rec-5659-org,rec-5659-dup-1
rec-5659-dup-0,rec-5659-dup-1
rec-3314-org,rec-3314-dup-0
rec-64-org,rec-64-dup-0
rec-64-org,rec-64-dup-1
rec-64-dup-0,rec-64-dup-1
rec-6500-org,rec-6500-dup-0
rec-6500-org,rec-6500-dup-1
rec-6500-dup-0,rec-6500-dup-1
rec-6448-org,rec-6448-dup-0
rec-4036-org,rec-4036-dup-0
rec-2642-org,rec-2642-dup-0
rec-2642-org,rec-2642-dup-1
rec-2642-dup-0,rec-2642-dup-1
rec-2642-org,rec-2642-dup-2
rec-2642-dup-0,rec-2642-dup-2
rec-2642-dup-1,rec-2642-dup-2
rec-1033-org,rec-1033-dup-0
rec-7348-org,rec-7348-dup-0
rec-7348-org,rec-7348-dup-1
rec-7348-dup-0,rec-7348-dup-1
rec-1233-org,rec-1233-dup-0
rec-1233-org,rec-1233-dup-1
rec-1233-dup-0,rec-1233-dup-1
rec-1233-org,rec-1233-dup-2
rec-1233-dup-0,rec-1233-dup-2
rec-1233-dup-1,rec-1233-dup-2
rec-5505-org,rec-5505-dup-0
rec-5505-org,rec-5505-dup-1
rec-5505-dup-0,rec-5505-dup-1
rec-7615-org,rec-7615-dup-0
rec-7615-org,rec-7615-dup-1
rec-7615-dup-0,rec-7615-dup-1
rec-7615-org,rec-7615-dup-2
rec-7615-dup-0,rec-7615-dup-2
rec-7615-dup-1,rec-7615-dup-2
rec-5053-org,rec-5053-dup-0
rec-5053-org,rec-5053-dup-1
rec-5053-dup-0,rec-5053-dup-1
rec-7725-org,rec-7725-dup-0
rec-2602-org,rec-2602-dup-0
rec-2602-org,rec-2602-dup-1
rec-2602-dup-0,rec-2602-dup-1
rec-2602-org,rec-2602-dup-2
rec-2602-dup-0,rec-2602-dup-2
rec-2602-dup-1,rec-2602-dup-2
rec-7085-org,rec-7085-dup-0
rec-6823-org,rec-6823-dup-0
rec-6823-org,rec-6823-dup-1
rec-6823-dup-0,rec-6823-dup-1
rec-4344-org,rec-4344-dup-0
rec-4344-org,rec-4344-dup-1
rec-4344-dup-0,rec-4344-dup-1
rec-4344-org,rec-4344-dup-2
rec-4344-dup-0,rec-4344-dup-2
rec-4344-dup-1,rec-4344-dup-2
rec-963-org,rec-963-dup-0
rec-963-org,rec-963-dup-1
rec-963-dup-0,rec-963-dup-1
rec-3661-org,rec-3661-dup-0
rec-3661-org,rec-3661-dup-1
rec-3661-dup-0,rec-3661-dup-1
rec-3661-org,rec-3661-dup-2
rec-3661-dup-0,rec-3661-dup-2
rec-3661-dup-1,rec-3661-dup-2
rec-7499-org,rec-7499-dup-0
rec-7499-org,rec-7499-dup-1
rec-7499-dup-0,rec-7499-dup-1
rec-7499-org,rec-7499-dup-2
rec-7499-dup-0,rec-7499-dup-2
rec-7499-dup-1,rec-7499-dup-2
rec-6523-org,rec-6523-dup-0
rec-4293-org,rec-4293-dup-0
rec-4293-org,rec-4293-dup-1
rec-4293-dup-0,rec-4293-dup-1
rec-1425-org,rec-1425-dup-0
rec-2120-org,rec-2120-dup-0
rec-2120-org,rec-2120-dup-1
rec-2120-dup-0,rec-2120-dup-1
rec-7907-org,rec-7907-dup-0
rec-803-org,rec-803-dup-0
rec-3978-org,rec-3978-dup-0
rec-3978-org,rec-3978-dup-1
rec-3978-dup-0,rec-3978-dup-1
rec-6913-org,rec-6913-dup-0
rec-8013-org,rec-8013-dup-0
rec-8013-org,rec-8013-dup-1
rec-8013-dup-0,rec-8013-dup-1
rec-8013-org,rec-8013-dup-2
rec-8013-dup-0,rec-8013-dup-2
rec-8013-dup-1,rec-8013-dup-2
rec-1559-org,rec-1559-dup-0
rec-1559-org,rec-1559-dup-1
rec-1559-dup-0,rec-1559-dup-1
rec-1559-org,rec-1559-dup-2
rec-1559-dup-0,rec-1559-dup-2
rec-1559-dup-1,rec-1559-dup-2
rec-331-org,rec-331-dup-0
rec-331-org,rec-331-dup-1
rec-331-dup-0,rec-331-dup-1
rec-331-org,rec-331-dup-2
rec-331-dup-0,rec-331-dup-2
rec-331-dup-1,rec-331-dup-2
rec-6382-org,rec-6382-dup-0
rec-1747-org,rec-1747-dup-0
rec-250-org,rec-250-dup-0
rec-6691-org,rec-6691-dup-0
rec-6691-org,rec-6691-dup-1
rec-6691-dup-0,rec-6691-dup-1
rec-2843-org,rec-2843-dup-0
rec-2843-org,rec-2843-dup-1
rec-2843-dup-0,rec-2843-dup-1
rec-2843-org,rec-2843-dup-2
rec-2843-dup-0,rec-2843-dup-2
rec-2843-dup-1,rec-2843-dup-2
rec-3488-org,rec-3488-dup-0
rec-2951-org,rec-2951-dup-0
rec-3601-org,rec-3601-dup-0
rec-3601-org,rec-3601-dup-1
rec-3601-dup-0,rec-3601-dup-1
rec-3601-org,rec-3601-dup-2
rec-3601-dup-0,rec-3601-dup-2
rec-3601-dup-1,rec-3601-dup-2
rec-476-org,rec-476-dup-0
rec-5341-org,rec-5341-dup-0
rec-5341-org,rec-5341-dup-1
rec-5341-dup-0,rec-5341-dup-1
rec-1957-org,rec-1957-dup-0
rec-1957-org,rec-1957-dup-1
rec-1957-dup-0,rec-1957-dup-1
rec-647-org,rec-647-dup-0
rec-6692-org,rec-6692-dup-0
rec-456-org,rec-456-dup-0
rec-2487-org,rec-2487-dup-0
rec-2487-org,rec-2487-dup-1
rec-2487-dup-0,rec-2487-dup-1
rec-1763-org,rec-1763-dup-0
rec-1763-org,rec-1763-dup-1
rec-1763-dup-0,rec-1763-dup-1
rec-1763-org,rec-1763-dup-2
rec-1763-dup-0,rec-1763-dup-2
rec-1763-dup-1,rec-1763-dup-2
rec-882-org,rec-882-dup-0
rec-882-org,rec-882-dup-1
rec-882-dup-0,rec-882-dup-1
rec-882-org,rec-882-dup-2
rec-882-dup-0,rec-882-dup-2
rec-882-dup-1,rec-882-dup-2
rec-2669-org,rec-2669-dup-0
rec-2669-org,rec-2669-dup-1
rec-2669-dup-0,rec-2669-dup-1
rec-1180-org,rec-1180-dup-0
rec-1180-org,rec-1180-dup-1
rec-1180-dup-0,rec-1180-dup-1
rec-3735-org,rec-3735-dup-0
rec-4166-org,rec-4166-dup-0
rec-7713-org,rec-7713-dup-0
rec-7713-org,rec-7713-dup-1
rec-7713-dup-0,rec-7713-dup-1
rec-7713-org,rec-7713-dup-2
rec-7713-dup-0,rec-7713-dup-2
rec-7713-dup-1,rec-7713-dup-2
rec-5813-org,rec-5813-dup-0
rec-2080-org,rec-2080-dup-0
rec-2080-org,rec-2080-dup-1
rec-2080-dup-0,rec-2080-dup-1
rec-6546-org,rec-6546-dup-0
rec-2591-org,rec-2591-dup-0
rec-2591-org,rec-2591-dup-1
rec-2591-dup-0,rec-2591-dup-1
rec-1554-org,rec-1554-dup-0
rec-1554-org,rec-1554-dup-1
rec-1554-dup-0,rec-1554-dup-1
rec-5829-org,rec-5829-dup-0
rec-5829-org,rec-5829-dup-1
rec-5829-dup-0,rec-5829-dup-1
rec-1471-org,rec-1471-dup-0
rec-1471-org,rec-1471-dup-1
rec-1471-dup-0,rec-1471-dup-1
rec-5935-org,rec-5935-dup-0
rec-5565-org,rec-5565-dup-0
rec-5565-org,rec-5565-dup-1
rec-5565-dup-0,rec-5565-dup-1
rec-5565-org,rec-5565-dup-2
rec-5565-dup-0,rec-5565-dup-2
rec-5565-dup-1,rec-5565-dup-2
rec-5638-org,rec-5638-dup-0
rec-5638-org,rec-5638-dup-1
rec-5638-dup-0,rec-5638-dup-1
rec-5638-org,rec-5638-dup-2
rec-5638-dup-0,rec-5638-dup-2
rec-5638-dup-1,rec-5638-dup-2
rec-8145-org,rec-8145-dup-0
rec-8145-org,rec-8145-dup-1
rec-8145-dup-0,rec-8145-dup-1
rec-4529-org,rec-4529-dup-0
rec-2013-org,rec-2013-dup-0
rec-2013-org,rec-2013-dup-1
rec-2013-dup-0,rec-2013-dup-1
rec-1779-org,rec-1779-dup-0
rec-1779-org,rec-1779-dup-1
rec-1779-dup-0,rec-1779-dup-1
rec-2319-org,rec-2319-dup-0
rec-5844-org,rec-5844-dup-0
rec-5844-org,rec-5844-dup-1
rec-5844-dup-0,rec-5844-dup-1
rec-5844-org,rec-5844-dup-2
rec-5844-dup-0,rec-5844-dup-2
rec-5844-dup-1,rec-5844-dup-2
rec-7680-org,rec-7680-dup-0
rec-7680-org,rec-7680-dup-1
rec-7680-dup-0,rec-7680-dup-1
rec-7680-org,rec-7680-dup-2
rec-7680-dup-0,rec-7680-dup-2
rec-7680-dup-1,rec-7680-dup-2
rec-968-org,rec-968-dup-0
rec-968-org,rec-968-dup-1
rec-968-dup-0,rec-968-dup-1
rec-2540-org,rec-2540-dup-0
rec-2540-org,rec-2540-dup-1
rec-2540-dup-0,rec-2540-dup-1
rec-2540-org,rec-2540-dup-2
rec-2540-dup-0,rec-2540-dup-2
rec-2540-dup-1,rec-2540-dup-2
rec-4321-org,rec-4321-dup-0
rec-7616-org,rec-7616-dup-0
rec-7616-org,rec-7616-dup-1
rec-7616-dup-0,rec-7616-dup-1
rec-8254-org,rec-8254-dup-0
rec-6856-org,rec-6856-dup-0
rec-6856-org,rec-6856-dup-1
rec-6856-dup-0,rec-6856-dup-1
rec-6856-org,rec-6856-dup-2
rec-6856-dup-0,rec-6856-dup-2
rec-6856-dup-1,rec-6856-dup-2
rec-5579-org,rec-5579-dup-0
rec-6957-org,rec-6957-dup-0
rec-7379-org,rec-7379-dup-0
rec-7379-org,rec-7379-dup-1
rec-7379-dup-0,rec-7379-dup-1
rec-4655-org,rec-4655-dup-0
rec-4367-org,rec-4367-dup-0
rec-4367-org,rec-4367-dup-1
rec-4367-dup-0,rec-4367-dup-1
rec-2804-org,rec-2804-dup-0
rec-2804-org,rec-2804-dup-1
rec-2804-dup-0,rec-2804-dup-1
rec-4830-org,rec-4830-dup-0
rec-4830-org,rec-4830-dup-1
rec-4830-dup-0,rec-4830-dup-1
rec-3761-org,rec-3761-dup-0
rec-3761-org,rec-3761-dup-1
rec-3761-dup-0,rec-3761-dup-1
rec-3761-org,rec-3761-dup-2
rec-3761-dup-0,rec-3761-dup-2
rec-3761-dup-1,rec-3761-dup-2
rec-4918-org,rec-4918-dup-0
rec-4918-org,rec-4918-dup-1
rec-4918-dup-0,rec-4918-dup-1
rec-1674-org,rec-1674-dup-0
rec-1674-org,rec-1674-dup-1
rec-1674-dup-0,rec-1674-dup-1
rec-6737-org,rec-6737-dup-0
rec-6737-org,rec-6737-dup-1
rec-6737-dup-0,rec-6737-dup-1
rec-6737-org,rec-6737-dup-2
rec-6737-dup-0,rec-6737-dup-2
rec-6737-dup-1,rec-6737-dup-2
rec-3420-org,rec-3420-dup-0
rec-8163-org,rec-8163-dup-0
rec-8163-org,rec-8163-dup-1
rec-8163-dup-0,rec-8163-dup-1
rec-2359-org,rec-2359-dup-0
rec-5452-org,rec-5452-dup-0
rec-7639-org,rec-7639-dup-0
rec-7639-org,rec-7639-dup-1
rec-7639-dup-0,rec-7639-dup-1
rec-5489-org,rec-5489-dup-0
rec-5489-org,rec-5489-dup-1
rec-5489-dup-0,rec-5489-dup-1
rec-5489-org,rec-5489-dup-2
rec-5489-dup-0,rec-5489-dup-2
rec-5489-dup-1,rec-5489-dup-2
rec-7649-org,rec-7649-dup-0
rec-7310-org,rec-7310-dup-0
rec-7310-org,rec-7310-dup-1
rec-7310-dup-0,rec-7310-dup-1
rec-6352-org,rec-6352-dup-0
rec-7089-org,rec-7089-dup-0
rec-7089-org,rec-7089-dup-1
rec-7089-dup-0,rec-7089-dup-1
rec-2818-org,rec-2818-dup-0
rec-2818-org,rec-2818-dup-1
rec-2818-dup-0,rec-2818-dup-1
rec-5930-org,rec-5930-dup-0
rec-3904-org,rec-3904-dup-0
rec-3904-org,rec-3904-dup-1
rec-3904-dup-0,rec-3904-dup-1
rec-3449-org,rec-3449-dup-0
rec-63-org,rec-63-dup-0
rec-3039-org,rec-3039-dup-0
rec-3039-org,rec-3039-dup-1
rec-3039-dup-0,rec-3039-dup-1
rec-6091-org,rec-6091-dup-0
rec-6091-org,rec-6091-dup-1
rec-6091-dup-0,rec-6091-dup-1
rec-3663-org,rec-3663-dup-0
rec-6976-org,rec-6976-dup-0
rec-6976-org,rec-6976-dup-1
rec-6976-dup-0,rec-6976-dup-1
rec-7935-org,rec-7935-dup-0
rec-1145-org,rec-1145-dup-0
rec-1145-org,rec-1145-dup-1
rec-1145-dup-0,rec-1145-dup-1
rec-6072-org,rec-6072-dup-0
rec-6072-org,rec-6072-dup-1
rec-6072-dup-0,rec-6072-dup-1
rec-5898-org,rec-5898-dup-0
rec-4157-org,rec-4157-dup-0
rec-5060-org,rec-5060-dup-0
rec-6015-org,rec-6015-dup-0
rec-6015-org,rec-6015-dup-1
rec-6015-dup-0,rec-6015-dup-1
rec-1310-org,rec-1310-dup-0
rec-1310-org,rec-1310-dup-1
rec-1310-dup-0,rec-1310-dup-1
rec-4313-org,rec-4313-dup-0
rec-4313-org,rec-4313-dup-1
rec-4313-dup-0,rec-4313-dup-1
rec-8063-org,rec-8063-dup-0
rec-8063-org,rec-8063-dup-1
rec-8063-dup-0,rec-8063-dup-1
rec-8063-org,rec-8063-dup-2
rec-8063-dup-0,rec-8063-dup-2
rec-8063-dup-1,rec-8063-dup-2
rec-2039-org,rec-2039-dup-0
rec-2039-org,rec-2039-dup-1
rec-2039-dup-0,rec-2039-dup-1
rec-2039-org,rec-2039-dup-2
rec-2039-dup-0,rec-2039-dup-2
rec-2039-dup-1,rec-2039-dup-2
rec-43-org,rec-43-dup-0
rec-43-org,rec-43-dup-1
rec-43-dup-0,rec-43-dup-1
rec-5450-org,rec-5450-dup-0
rec-5450-org,rec-5450-dup-1
rec-5450-dup-0,rec-5450-dup-1
rec-5525-org,rec-5525-dup-0
rec-5525-org,rec-5525-dup-1
rec-5525-dup-0,rec-5525-dup-1
rec-5271-org,rec-5271-dup-0
rec-5271-org,rec-5271-dup-1
rec-5271-dup-0,rec-5271-dup-1
rec-2904-org,rec-2904-dup-0
rec-2904-org,rec-2904-dup-1
rec-2904-dup-0,rec-2904-dup-1
rec-2904-org,rec-2904-dup-2
rec-2904-dup-0,rec-2904-dup-2
rec-2904-dup-1,rec-2904-dup-2
rec-6934-org,rec-6934-dup-0
rec-4197-org,rec-4197-dup-0
rec-3371-org,rec-3371-dup-0
rec-397-org,rec-397-dup-0
rec-1855-org,rec-1855-dup-0
rec-1855-org,rec-1855-dup-1
rec-1855-dup-0,rec-1855-dup-1
rec-6430-org,rec-6430-dup-0
rec-6430-org,rec-6430-dup-1
rec-6430-dup-0,rec-6430-dup-1
rec-1355-org,rec-1355-dup-0
rec-5127-org,rec-5127-dup-0
rec-5127-org,rec-5127-dup-1
rec-5127-dup-0,rec-5127-dup-1
rec-230-org,rec-230-dup-0
rec-230-org,rec-230-dup-1
rec-230-dup-0,rec-230-dup-1
rec-5128-org,rec-5128-dup-0
rec-5128-org,rec-5128-dup-1
rec-5128-dup-0,rec-5128-dup-1
rec-5128-org,rec-5128-dup-2
rec-5128-dup-0,rec-5128-dup-2
rec-5128-dup-1,rec-5128-dup-2
rec-7204-org,rec-7204-dup-0
rec-7204-org,rec-7204-dup-1
rec-7204-dup-0,rec-7204-dup-1
rec-3529-org,rec-3529-dup-0
rec-3529-org,rec-3529-dup-1
rec-3529-dup-0,rec-3529-dup-1
rec-829-org,rec-829-dup-0
rec-4674-org,rec-4674-dup-0
rec-4674-org,rec-4674-dup-1
rec-4674-dup-0,rec-4674-dup-1
rec-4674-org,rec-4674-dup-2
rec-4674-dup-0,rec-4674-dup-2
rec-4674-dup-1,rec-4674-dup-2
rec-8393-org,rec-8393-dup-0
rec-8393-org,rec-8393-dup-1
rec-8393-dup-0,rec-8393-dup-1
rec-8240-org,rec-8240-dup-0
rec-5408-org,rec-5408-dup-0
rec-3891-org,rec-3891-dup-0
rec-602-org,rec-602-dup-0
rec-5631-org,rec-5631-dup-0
rec-6440-org,rec-6440-dup-0
rec-2438-org,rec-2438-dup-0
rec-2438-org,rec-2438-dup-1
rec-2438-dup-0,rec-2438-dup-1
rec-2874-org,rec-2874-dup-0
rec-2874-org,rec-2874-dup-1
rec-2874-dup-0,rec-2874-dup-1
rec-1161-org,rec-1161-dup-0
rec-1161-org,rec-1161-dup-1
rec-1161-dup-0,rec-1161-dup-1
rec-5964-org,rec-5964-dup-0
rec-5964-org,rec-5964-dup-1
rec-5964-dup-0,rec-5964-dup-1
rec-5964-org,rec-5964-dup-2
rec-5964-dup-0,rec-5964-dup-2
rec-5964-dup-1,rec-5964-dup-2
rec-5557-org,rec-5557-dup-0
rec-5557-org,rec-5557-dup-1
rec-5557-dup-0,rec-5557-dup-1
rec-5557-org,rec-5557-dup-2
rec-5557-dup-0,rec-5557-dup-2
rec-5557-dup-1,rec-5557-dup-2
rec-7109-org,rec-7109-dup-0
rec-1530-org,rec-1530-dup-0
rec-5744-org,rec-5744-dup-0
rec-5744-org,rec-5744-dup-1
rec-5744-dup-0,rec-5744-dup-1
rec-5744-org,rec-5744-dup-2
rec-5744-dup-0,rec-5744-dup-2
rec-5744-dup-1,rec-5744-dup-2
rec-1362-org,rec-1362-dup-0
rec-1362-org,rec-1362-dup-1
rec-1362-dup-0,rec-1362-dup-1
rec-7462-org,rec-7462-dup-0
rec-7298-org,rec-7298-dup-0
rec-7298-org,rec-7298-dup-1
rec-7298-dup-0,rec-7298-dup-1
rec-7468-org,rec-7468-dup-0
rec-7468-org,rec-7468-dup-1
rec-7468-dup-0,rec-7468-dup-1
rec-7468-org,rec-7468-dup-2
rec-7468-dup-0,rec-7468-dup-2
rec-7468-dup-1,rec-7468-dup-2
rec-6304-org,rec-6304-dup-0
rec-6304-org,rec-6304-dup-1
rec-6304-dup-0,rec-6304-dup-1
rec-7584-org,rec-7584-dup-0
rec-7584-org,rec-7584-dup-1
rec-7584-dup-0,rec-7584-dup-1
rec-8358-org,rec-8358-dup-0
rec-8358-org,rec-8358-dup-1
rec-8358-dup-0,rec-8358-dup-1
rec-225-org,rec-225-dup-0
rec-225-org,rec-225-dup-1
rec-225-dup-0,rec-225-dup-1
rec-42-org,rec-42-dup-0
rec-42-org,rec-42-dup-1
rec-42-dup-0,rec-42-dup-1
rec-1417-org,rec-1417-dup-0
rec-1417-org,rec-1417-dup-1
rec-1417-dup-0,rec-1417-dup-1
rec-1417-org,rec-1417-dup-2
rec-1417-dup-0,rec-1417-dup-2
rec-1417-dup-1,rec-1417-dup-2
rec-2561-org,rec-2561-dup-0
rec-2561-org,rec-2561-dup-1
rec-2561-dup-0,rec-2561-dup-1
rec-2561-org,rec-2561-dup-2
rec-2561-dup-0,rec-2561-dup-2
rec-2561-dup-1,rec-2561-dup-2
rec-4690-org,rec-4690-dup-0
rec-4690-org,rec-4690-dup-1
rec-4690-dup-0,rec-4690-dup-1
rec-4018-org,rec-4018-dup-0
rec-3390-org,rec-3390-dup-0
rec-3390-org,rec-3390-dup-1
rec-3390-dup-0,rec-3390-dup-1
rec-7480-org,rec-7480-dup-0
rec-7480-org,rec-7480-dup-1
rec-7480-dup-0,rec-7480-dup-1
rec-7480-org,rec-7480-dup-2
rec-7480-dup-0,rec-7480-dup-2
rec-7480-dup-1,rec-7480-dup-2
rec-254-org,rec-254-dup-0
rec-7765-org,rec-7765-dup-0
rec-7765-org,rec-7765-dup-1
rec-7765-dup-0,rec-7765-dup-1
rec-6282-org,rec-6282-dup-0
rec-7308-org,rec-7308-dup-0
rec-7308-org,rec-7308-dup-1
rec-7308-dup-0,rec-7308-dup-1
rec-4770-org,rec-4770-dup-0
rec-8338-org,rec-8338-dup-0
rec-8338-org,rec-8338-dup-1
rec-8338-dup-0,rec-8338-dup-1
rec-5922-org,rec-5922-dup-0
rec-5922-org,rec-5922-dup-1
rec-5922-dup-0,rec-5922-dup-1
rec-5922-org,rec-5922-dup-2
rec-5922-dup-0,rec-5922-dup-2
rec-5922-dup-1,rec-5922-dup-2
rec-4825-org,rec-4825-dup-0
rec-5144-org,rec-5144-dup-0
rec-5144-org,rec-5144-dup-1
rec-5144-dup-0,rec-5144-dup-1
rec-1889-org,rec-1889-dup-0
rec-1889-org,rec-1889-dup-1
rec-1889-dup-0,rec-1889-dup-1
rec-1711-org,rec-1711-dup-0
rec-1711-org,rec-1711-dup-1
rec-1711-dup-0,rec-1711-dup-1
rec-1711-org,rec-1711-dup-2
rec-1711-dup-0,rec-1711-dup-2
rec-1711-dup-1,rec-1711-dup-2
rec-1514-org,rec-1514-dup-0
rec-3268-org,rec-3268-dup-0
rec-269-org,rec-269-dup-0
rec-2713-org,rec-2713-dup-0
rec-2713-org,rec-2713-dup-1
rec-2713-dup-0,rec-2713-dup-1
rec-6206-org,rec-6206-dup-0
rec-6206-org,rec-6206-dup-1
rec-6206-dup-0,rec-6206-dup-1
rec-1886-org,rec-1886-dup-0
rec-3415-org,rec-3415-dup-0
rec-3415-org,rec-3415-dup-1
rec-3415-dup-0,rec-3415-dup-1
rec-3415-org,rec-3415-dup-2
rec-3415-dup-0,rec-3415-dup-2
rec-3415-dup-1,rec-3415-dup-2
rec-4120-org,rec-4120-dup-0
rec-4120-org,rec-4120-dup-1
rec-4120-dup-0,rec-4120-dup-1
rec-4120-org,rec-4120-dup-2
rec-4120-dup-0,rec-4120-dup-2
rec-4120-dup-1,rec-4120-dup-2
rec-795-org,rec-795-dup-0
rec-795-org,rec-795-dup-1
rec-795-dup-0,rec-795-dup-1
rec-5012-org,rec-5012-dup-0
rec-5012-org,rec-5012-dup-1
rec-5012-dup-0,rec-5012-dup-1
rec-5012-org,rec-5012-dup-2
rec-5012-dup-0,rec-5012-dup-2
rec-5012-dup-1,rec-5012-dup-2
rec-6604-org,rec-6604-dup-0
rec-6604-org,rec-6604-dup-1
rec-6604-dup-0,rec-6604-dup-1
rec-4234-org,rec-4234-dup-0
rec-4234-org,rec-4234-dup-1
rec-4234-dup-0,rec-4234-dup-1
rec-4234-org,rec-4234-dup-2
rec-4234-dup-0,rec-4234-dup-2
rec-4234-dup-1,rec-4234-dup-2
rec-2208-org,rec-2208-dup-0
rec-2208-org,rec-2208-dup-1
rec-2208-dup-0,rec-2208-dup-1
rec-459-org,rec-459-dup-0
rec-459-org,rec-459-dup-1
rec-459-dup-0,rec-459-dup-1
rec-8002-org,rec-8002-dup-0
rec-2238-org,rec-2238-dup-0
rec-2238-org,rec-2238-dup-1
rec-2238-dup-0,rec-2238-dup-1
rec-431-org,rec-431-dup-0
rec-431-org,rec-431-dup-1
rec-431-dup-0,rec-431-dup-1
rec-6849-org,rec-6849-dup-0
rec-6849-org,rec-6849-dup-1
rec-6849-dup-0,rec-6849-dup-1
rec-6849-org,rec-6849-dup-2
rec-6849-dup-0,rec-6849-dup-2
rec-6849-dup-1,rec-6849-dup-2
rec-1706-org,rec-1706-dup-0
rec-2030-org,rec-2030-dup-0
rec-2030-org,rec-2030-dup-1
rec-2030-dup-0,rec-2030-dup-1
rec-327-org,rec-327-dup-0
rec-327-org,rec-327-dup-1
rec-327-dup-0,rec-327-dup-1
rec-327-org,rec-327-dup-2
rec-327-dup-0,rec-327-dup-2
rec-327-dup-1,rec-327-dup-2
rec-5827-org,rec-5827-dup-0
rec-3908-org,rec-3908-dup-0
rec-3908-org,rec-3908-dup-1
rec-3908-dup-0,rec-3908-dup-1
rec-1700-org,rec-1700-dup-0
rec-1904-org,rec-1904-dup-0
rec-1904-org,rec-1904-dup-1
rec-1904-dup-0,rec-1904-dup-1
rec-3441-org,rec-3441-dup-0
rec-655-org,rec-655-dup-0
rec-655-org,rec-655-dup-1
rec-655-dup-0,rec-655-dup-1
rec-655-org,rec-655-dup-2
rec-655-dup-0,rec-655-dup-2
rec-655-dup-1,rec-655-dup-2
rec-3847-org,rec-3847-dup-0
rec-3847-org,rec-3847-dup-1
rec-3847-dup-0,rec-3847-dup-1
rec-2924-org,rec-2924-dup-0
rec-6253-org,rec-6253-dup-0
rec-2635-org,rec-2635-dup-0
rec-2635-org,rec-2635-dup-1
rec-2635-dup-0,rec-2635-dup-1
rec-1831-org,rec-1831-dup-0
rec-1831-org,rec-1831-dup-1
rec-1831-dup-0,rec-1831-dup-1
rec-1831-org,rec-1831-dup-2
rec-1831-dup-0,rec-1831-dup-2
rec-1831-dup-1,rec-1831-dup-2
rec-3946-org,rec-3946-dup-0
rec-3004-org,rec-3004-dup-0
rec-133-org,rec-133-dup-0
rec-133-org,rec-133-dup-1
rec-133-dup-0,rec-133-dup-1
rec-133-org,rec-133-dup-2
rec-133-dup-0,rec-133-dup-2
rec-133-dup-1,rec-133-dup-2
rec-2059-org,rec-2059-dup-0
rec-2059-org,rec-2059-dup-1
rec-2059-dup-0,rec-2059-dup-1
rec-2393-org,rec-2393-dup-0
rec-2393-org,rec-2393-dup-1
rec-2393-dup-0,rec-2393-dup-1
rec-2393-org,rec-2393-dup-2
rec-2393-dup-0,rec-2393-dup-2
rec-2393-dup-1,rec-2393-dup-2
rec-1910-org,rec-1910-dup-0
rec-7723-org,rec-7723-dup-0
rec-5836-org,rec-5836-dup-0
rec-8306-org,rec-8306-dup-0
rec-3810-org,rec-3810-dup-0
rec-3810-org,rec-3810-dup-1
rec-3810-dup-0,rec-3810-dup-1
rec-3810-org,rec-3810-dup-2
rec-3810-dup-0,rec-3810-dup-2
rec-3810-dup-1,rec-3810-dup-2
rec-2872-org,rec-2872-dup-0
rec-2872-org,rec-2872-dup-1
rec-2872-dup-0,rec-2872-dup-1
rec-3429-org,rec-3429-dup-0
rec-4799-org,rec-4799-dup-0
rec-4799-org,rec-4799-dup-1
rec-4799-dup-0,rec-4799-dup-1
rec-2008-org,rec-2008-dup-0
rec-2008-org,rec-2008-dup-1
rec-2008-dup-0,rec-2008-dup-1
rec-2008-org,rec-2008-dup-2
rec-2008-dup-0,rec-2008-dup-2
rec-2008-dup-1,rec-2008-dup-2
rec-6776-org,rec-6776-dup-0
rec-6776-org,rec-6776-dup-1
rec-6776-dup-0,rec-6776-dup-1
rec-6680-org,rec-6680-dup-0
rec-6680-org,rec-6680-dup-1
rec-6680-dup-0,rec-6680-dup-1
rec-424-org,rec-424-dup-0
rec-4673-org,rec-4673-dup-0
rec-4814-org,rec-4814-dup-0
rec-4814-org,rec-4814-dup-1
rec-4814-dup-0,rec-4814-dup-1
rec-7458-org,rec-7458-dup-0
rec-4276-org,rec-4276-dup-0
rec-2629-org,rec-2629-dup-0
rec-2629-org,rec-2629-dup-1
rec-2629-dup-0,rec-2629-dup-1
rec-2629-org,rec-2629-dup-2
rec-2629-dup-0,rec-2629-dup-2
rec-2629-dup-1,rec-2629-dup-2
rec-5477-org,rec-5477-dup-0
rec-6378-org,rec-6378-dup-0
rec-6378-org,rec-6378-dup-1
rec-6378-dup-0,rec-6378-dup-1
rec-979-org,rec-979-dup-0
rec-979-org,rec-979-dup-1
rec-979-dup-0,rec-979-dup-1
rec-676-org,rec-676-dup-0
rec-676-org,rec-676-dup-1
rec-676-dup-0,rec-676-dup-1
rec-676-org,rec-676-dup-2
rec-676-dup-0,rec-676-dup-2
rec-676-dup-1,rec-676-dup-2
rec-7197-org,rec-7197-dup-0
rec-7197-org,rec-7197-dup-1
rec-7197-dup-0,rec-7197-dup-1
rec-1626-org,rec-1626-dup-0
rec-1626-org,rec-1626-dup-1
rec-1626-dup-0,rec-1626-dup-1
rec-4426-org,rec-4426-dup-0
rec-4426-org,rec-4426-dup-1
rec-4426-dup-0,rec-4426-dup-1
rec-1125-org,rec-1125-dup-0
rec-1125-org,rec-1125-dup-1
rec-1125-dup-0,rec-1125-dup-1
rec-7622-org,rec-7622-dup-0
rec-7622-org,rec-7622-dup-1
rec-7622-dup-0,rec-7622-dup-1
rec-4893-org,rec-4893-dup-0
rec-4893-org,rec-4893-dup-1
rec-4893-dup-0,rec-4893-dup-1
rec-4893-org,rec-4893-dup-2
rec-4893-dup-0,rec-4893-dup-2
rec-4893-dup-1,rec-4893-dup-2
rec-5662-org,rec-5662-dup-0
rec-988-org,rec-988-dup-0
rec-988-org,rec-988-dup-1
rec-988-dup-0,rec-988-dup-1
rec-5239-org,rec-5239-dup-0
rec-4330-org,rec-4330-dup-0
rec-4330-org,rec-4330-dup-1
rec-4330-dup-0,rec-4330-dup-1
rec-4330-org,rec-4330-dup-2
rec-4330-dup-0,rec-4330-dup-2
rec-4330-dup-1,rec-4330-dup-2
rec-2658-org,rec-2658-dup-0
rec-6239-org,rec-6239-dup-0
rec-3707-org,rec-3707-dup-0
rec-2835-org,rec-2835-dup-0
rec-4663-org,rec-4663-dup-0
rec-4663-org,rec-4663-dup-1
rec-4663-dup-0,rec-4663-dup-1
rec-877-org,rec-877-dup-0
rec-425-org,rec-425-dup-0
rec-425-org,rec-425-dup-1
rec-425-dup-0,rec-425-dup-1
rec-1816-org,rec-1816-dup-0
rec-1816-org,rec-1816-dup-1
rec-1816-dup-0,rec-1816-dup-1
rec-3854-org,rec-3854-dup-0
rec-8487-org,rec-8487-dup-0
rec-295-org,rec-295-dup-0
rec-295-org,rec-295-dup-1
rec-295-dup-0,rec-295-dup-1
rec-295-org,rec-295-dup-2
rec-295-dup-0,rec-295-dup-2
rec-295-dup-1,rec-295-dup-2
rec-396-org,rec-396-dup-0
rec-396-org,rec-396-dup-1
rec-396-dup-0,rec-396-dup-1
rec-7511-org,rec-7511-dup-0
rec-366-org,rec-366-dup-0
rec-366-org,rec-366-dup-1
rec-366-dup-0,rec-366-dup-1
rec-366-org,rec-366-dup-2
rec-366-dup-0,rec-366-dup-2
rec-366-dup-1,rec-366-dup-2
rec-1054-org,rec-1054-dup-0
rec-1054-org,rec-1054-dup-1
rec-1054-dup-0,rec-1054-dup-1
rec-1054-org,rec-1054-dup-2
rec-1054-dup-0,rec-1054-dup-2
rec-1054-dup-1,rec-1054-dup-2
rec-2095-org,rec-2095-dup-0
rec-2095-org,rec-2095-dup-1
rec-2095-dup-0,rec-2095-dup-1
rec-855-org,rec-855-dup-0
rec-4822-org,rec-4822-dup-0
rec-6966-org,rec-6966-dup-0
rec-6966-org,rec-6966-dup-1
rec-6966-dup-0,rec-6966-dup-1
rec-4508-org,rec-4508-dup-0
rec-4508-org,rec-4508-dup-1
rec-4508-dup-0,rec-4508-dup-1
rec-5990-org,rec-5990-dup-0
rec-5990-org,rec-5990-dup-1
rec-5990-dup-0,rec-5990-dup-1
rec-335-org,rec-335-dup-0
rec-7878-org,rec-7878-dup-0
rec-7878-org,rec-7878-dup-1
rec-7878-dup-0,rec-7878-dup-1
rec-7878-org,rec-7878-dup-2
rec-7878-dup-0,rec-7878-dup-2
rec-7878-dup-1,rec-7878-dup-2
rec-7111-org,rec-7111-dup-0
rec-7111-org,rec-7111-dup-1
rec-7111-dup-0,rec-7111-dup-1
rec-4130-org,rec-4130-dup-0
rec-3672-org,rec-3672-dup-0
rec-3672-org,rec-3672-dup-1
rec-3672-dup-0,rec-3672-dup-1
rec-5193-org,rec-5193-dup-0
rec-5193-org,rec-5193-dup-1
rec-5193-dup-0,rec-5193-dup-1
rec-5193-org,rec-5193-dup-2
rec-5193-dup-0,rec-5193-dup-2
rec-5193-dup-1,rec-5193-dup-2
rec-5536-org,rec-5536-dup-0
rec-6771-org,rec-6771-dup-0
rec-6771-org,rec-6771-dup-1
rec-6771-dup-0,rec-6771-dup-1
rec-3538-org,rec-3538-dup-0
rec-3538-org,rec-3538-dup-1
rec-3538-dup-0,rec-3538-dup-1
rec-7420-org,rec-7420-dup-0
rec-7420-org,rec-7420-dup-1
rec-7420-dup-0,rec-7420-dup-1
rec-6460-org,rec-6460-dup-0
rec-6354-org,rec-6354-dup-0
rec-1317-org,rec-1317-dup-0
rec-1317-org,rec-1317-dup-1
rec-1317-dup-0,rec-1317-dup-1
rec-3175-org,rec-3175-dup-0
rec-3175-org,rec-3175-dup-1
rec-3175-dup-0,rec-3175-dup-1
rec-6031-org,rec-6031-dup-0
rec-6031-org,rec-6031-dup-1
rec-6031-dup-0,rec-6031-dup-1
rec-6031-org,rec-6031-dup-2
rec-6031-dup-0,rec-6031-dup-2
rec-6031-dup-1,rec-6031-dup-2
rec-2766-org,rec-2766-dup-0
rec-1042-org,rec-1042-dup-0
rec-1728-org,rec-1728-dup-0
rec-2118-org,rec-2118-dup-0
rec-2118-org,rec-2118-dup-1
rec-2118-dup-0,rec-2118-dup-1
rec-2118-org,rec-2118-dup-2
rec-2118-dup-0,rec-2118-dup-2
rec-2118-dup-1,rec-2118-dup-2
rec-4279-org,rec-4279-dup-0
rec-4279-org,rec-4279-dup-1
rec-4279-dup-0,rec-4279-dup-1
rec-1897-org,rec-1897-dup-0
rec-1429-org,rec-1429-dup-0
rec-1429-org,rec-1429-dup-1
rec-1429-dup-0,rec-1429-dup-1
rec-4449-org,rec-4449-dup-0
rec-4449-org,rec-4449-dup-1
rec-4449-dup-0,rec-4449-dup-1
rec-4449-org,rec-4449-dup-2
rec-4449-dup-0,rec-4449-dup-2
rec-4449-dup-1,rec-4449-dup-2
rec-4756-org,rec-4756-dup-0
rec-4756-org,rec-4756-dup-1
rec-4756-dup-0,rec-4756-dup-1
rec-4393-org,rec-4393-dup-0
rec-4393-org,rec-4393-dup-1
rec-4393-dup-0,rec-4393-dup-1
rec-8168-org,rec-8168-dup-0
rec-8168-org,rec-8168-dup-1
rec-8168-dup-0,rec-8168-dup-1
rec-8168-org,rec-8168-dup-2
rec-8168-dup-0,rec-8168-dup-2
rec-8168-dup-1,rec-8168-dup-2
rec-3660-org,rec-3660-dup-0
rec-3660-org,rec-3660-dup-1
rec-3660-dup-0,rec-3660-dup-1
rec-5316-org,rec-5316-dup-0
rec-5316-org,rec-5316-dup-1
rec-5316-dup-0,rec-5316-dup-1
rec-6994-org,rec-6994-dup-0
rec-6994-org,rec-6994-dup-1
rec-6994-dup-0,rec-6994-dup-1
rec-6994-org,rec-6994-dup-2
rec-6994-dup-0,rec-6994-dup-2
rec-6994-dup-1,rec-6994-dup-2
rec-3316-org,rec-3316-dup-0
rec-3205-org,rec-3205-dup-0
rec-2552-org,rec-2552-dup-0
rec-2552-org,rec-2552-dup-1
rec-2552-dup-0,rec-2552-dup-1
rec-5681-org,rec-5681-dup-0
rec-3979-org,rec-3979-dup-0
rec-4295-org,rec-4295-dup-0
rec-2537-org,rec-2537-dup-0
rec-2537-org,rec-2537-dup-1
rec-2537-dup-0,rec-2537-dup-1
rec-8180-org,rec-8180-dup-0
rec-8180-org,rec-8180-dup-1
rec-8180-dup-0,rec-8180-dup-1
rec-756-org,rec-756-dup-0
rec-1874-org,rec-1874-dup-0
rec-1874-org,rec-1874-dup-1
rec-1874-dup-0,rec-1874-dup-1
rec-1874-org,rec-1874-dup-2
rec-1874-dup-0,rec-1874-dup-2
rec-1874-dup-1,rec-1874-dup-2
rec-3524-org,rec-3524-dup-0
rec-3524-org,rec-3524-dup-1
rec-3524-dup-0,rec-3524-dup-1
rec-5478-org,rec-5478-dup-0
rec-5478-org,rec-5478-dup-1
rec-5478-dup-0,rec-5478-dup-1
rec-5688-org,rec-5688-dup-0
rec-4576-org,rec-4576-dup-0
rec-2618-org,rec-2618-dup-0
rec-2618-org,rec-2618-dup-1
rec-2618-dup-0,rec-2618-dup-1
rec-4509-org,rec-4509-dup-0
rec-1993-org,rec-1993-dup-0
rec-1993-org,rec-1993-dup-1
rec-1993-dup-0,rec-1993-dup-1
rec-1993-org,rec-1993-dup-2
rec-1993-dup-0,rec-1993-dup-2
rec-1993-dup-1,rec-1993-dup-2
rec-33-org,rec-33-dup-0
rec-33-org,rec-33-dup-1
rec-33-dup-0,rec-33-dup-1
rec-33-org,rec-33-dup-2
rec-33-dup-0,rec-33-dup-2
rec-33-dup-1,rec-33-dup-2
rec-3230-org,rec-3230-dup-0
rec-3230-org,rec-3230-dup-1
rec-3230-dup-0,rec-3230-dup-1
rec-8333-org,rec-8333-dup-0
rec-1663-org,rec-1663-dup-0
rec-1663-org,rec-1663-dup-1
rec-1663-dup-0,rec-1663-dup-1
rec-1507-org,rec-1507-dup-0
rec-1507-org,rec-1507-dup-1
rec-1507-dup-0,rec-1507-dup-1
rec-3-org,rec-3-dup-0
rec-3-org,rec-3-dup-1
rec-3-dup-0,rec-3-dup-1
rec-1405-org,rec-1405-dup-0
rec-1405-org,rec-1405-dup-1
rec-1405-dup-0,rec-1405-dup-1
rec-1213-org,rec-1213-dup-0
rec-1213-org,rec-1213-dup-1
rec-1213-dup-0,rec-1213-dup-1
rec-1213-org,rec-1213-dup-2
rec-1213-dup-0,rec-1213-dup-2
rec-1213-dup-1,rec-1213-dup-2
rec-5610-org,rec-5610-dup-0
rec-5610-org,rec-5610-dup-1
rec-5610-dup-0,rec-5610-dup-1
rec-4864-org,rec-4864-dup-0
rec-6795-org,rec-6795-dup-0
rec-6795-org,rec-6795-dup-1
rec-6795-dup-0,rec-6795-dup-1
rec-6841-org,rec-6841-dup-0
rec-1341-org,rec-1341-dup-0
rec-1131-org,rec-1131-dup-0
rec-1131-org,rec-1131-dup-1
rec-1131-dup-0,rec-1131-dup-1
rec-4096-org,rec-4096-dup-0
rec-1457-org,rec-1457-dup-0
rec-1457-org,rec-1457-dup-1
rec-1457-dup-0,rec-1457-dup-1
rec-6802-org,rec-6802-dup-0
rec-6802-org,rec-6802-dup-1
rec-6802-dup-0,rec-6802-dup-1
rec-5975-org,rec-5975-dup-0
rec-5667-org,rec-5667-dup-0
rec-5667-org,rec-5667-dup-1
rec-5667-dup-0,rec-5667-dup-1
rec-5667-org,rec-5667-dup-2
rec-5667-dup-0,rec-5667-dup-2
rec-5667-dup-1,rec-5667-dup-2
rec-7-org,rec-7-dup-0
rec-6991-org,rec-6991-dup-0
rec-6991-org,rec-6991-dup-1
rec-6991-dup-0,rec-6991-dup-1
rec-6991-org,rec-6991-dup-2
rec-6991-dup-0,rec-6991-dup-2
rec-6991-dup-1,rec-6991-dup-2
rec-7390-org,rec-7390-dup-0
rec-2000-org,rec-2000-dup-0
rec-2000-org,rec-2000-dup-1
rec-2000-dup-0,rec-2000-dup-1
rec-6542-org,rec-6542-dup-0
rec-6542-org,rec-6542-dup-1
rec-6542-dup-0,rec-6542-dup-1
rec-6542-org,rec-6542-dup-2
rec-6542-dup-0,rec-6542-dup-2
rec-6542-dup-1,rec-6542-dup-2
rec-4254-org,rec-4254-dup-0
rec-4254-org,rec-4254-dup-1
rec-4254-dup-0,rec-4254-dup-1
rec-3278-org,rec-3278-dup-0
rec-3278-org,rec-3278-dup-1
rec-3278-dup-0,rec-3278-dup-1
rec-3278-org,rec-3278-dup-2
rec-3278-dup-0,rec-3278-dup-2
rec-3278-dup-1,rec-3278-dup-2
rec-3622-org,rec-3622-dup-0
rec-3622-org,rec-3622-dup-1
rec-3622-dup-0,rec-3622-dup-1
rec-3622-org,rec-3622-dup-2
rec-3622-dup-0,rec-3622-dup-2
rec-3622-dup-1,rec-3622-dup-2
rec-1257-org,rec-1257-dup-0
rec-1257-org,rec-1257-dup-1
rec-1257-dup-0,rec-1257-dup-1
rec-1257-org,rec-1257-dup-2
rec-1257-dup-0,rec-1257-dup-2
rec-1257-dup-1,rec-1257-dup-2
rec-2396-org,rec-2396-dup-0
rec-2396-org,rec-2396-dup-1
rec-2396-dup-0,rec-2396-dup-1
rec-5493-org,rec-5493-dup-0
rec-5493-org,rec-5493-dup-1
rec-5493-dup-0,rec-5493-dup-1
rec-6992-org,rec-6992-dup-0
rec-6992-org,rec-6992-dup-1
rec-6992-dup-0,rec-6992-dup-1
rec-3593-org,rec-3593-dup-0
rec-3593-org,rec-3593-dup-1
rec-3593-dup-0,rec-3593-dup-1
rec-1397-org,rec-1397-dup-0
rec-1397-org,rec-1397-dup-1
rec-1397-dup-0,rec-1397-dup-1
rec-6651-org,rec-6651-dup-0
rec-1753-org,rec-1753-dup-0
rec-1753-org,rec-1753-dup-1
rec-1753-dup-0,rec-1753-dup-1
rec-1753-org,rec-1753-dup-2
rec-1753-dup-0,rec-1753-dup-2
rec-1753-dup-1,rec-1753-dup-2
rec-3915-org,rec-3915-dup-0
rec-1645-org,rec-1645-dup-0
rec-1645-org,rec-1645-dup-1
rec-1645-dup-0,rec-1645-dup-1
rec-1645-org,rec-1645-dup-2
rec-1645-dup-0,rec-1645-dup-2
rec-1645-dup-1,rec-1645-dup-2
rec-5482-org,rec-5482-dup-0
rec-4570-org,rec-4570-dup-0
rec-4570-org,rec-4570-dup-1
rec-4570-dup-0,rec-4570-dup-1
rec-4570-org,rec-4570-dup-2
rec-4570-dup-0,rec-4570-dup-2
rec-4570-dup-1,rec-4570-dup-2
rec-759-org,rec-759-dup-0
rec-759-org,rec-759-dup-1
rec-759-dup-0,rec-759-dup-1
rec-1944-org,rec-1944-dup-0
rec-1944-org,rec-1944-dup-1
rec-1944-dup-0,rec-1944-dup-1
rec-6449-org,rec-6449-dup-0
rec-6449-org,rec-6449-dup-1
rec-6449-dup-0,rec-6449-dup-1
rec-4910-org,rec-4910-dup-0
rec-1809-org,rec-1809-dup-0
rec-1809-org,rec-1809-dup-1
rec-1809-dup-0,rec-1809-dup-1
rec-2919-org,rec-2919-dup-0
rec-1527-org,rec-1527-dup-0
rec-1527-org,rec-1527-dup-1
rec-1527-dup-0,rec-1527-dup-1
rec-2732-org,rec-2732-dup-0
rec-2732-org,rec-2732-dup-1
rec-2732-dup-0,rec-2732-dup-1
rec-4551-org,rec-4551-dup-0
rec-6719-org,rec-6719-dup-0
rec-8216-org,rec-8216-dup-0
rec-8216-org,rec-8216-dup-1
rec-8216-dup-0,rec-8216-dup-1
rec-7964-org,rec-7964-dup-0
rec-7964-org,rec-7964-dup-1
rec-7964-dup-0,rec-7964-dup-1
rec-8329-org,rec-8329-dup-0
rec-8329-org,rec-8329-dup-1
rec-8329-dup-0,rec-8329-dup-1
rec-7307-org,rec-7307-dup-0
rec-82-org,rec-82-dup-0
rec-82-org,rec-82-dup-1
rec-82-dup-0,rec-82-dup-1
rec-8255-org,rec-8255-dup-0
rec-748-org,rec-748-dup-0
rec-8454-org,rec-8454-dup-0
rec-8238-org,rec-8238-dup-0
rec-8238-org,rec-8238-dup-1
rec-8238-dup-0,rec-8238-dup-1
rec-8238-org,rec-8238-dup-2
rec-8238-dup-0,rec-8238-dup-2
rec-8238-dup-1,rec-8238-dup-2
rec-2229-org,rec-2229-dup-0
rec-2229-org,rec-2229-dup-1
rec-2229-dup-0,rec-2229-dup-1
rec-2229-org,rec-2229-dup-2
rec-2229-dup-0,rec-2229-dup-2
rec-2229-dup-1,rec-2229-dup-2
rec-3421-org,rec-3421-dup-0
rec-7356-org,rec-7356-dup-0
rec-7356-org,rec-7356-dup-1
rec-7356-dup-0,rec-7356-dup-1
rec-6486-org,rec-6486-dup-0
rec-6532-org,rec-6532-dup-0
rec-6532-org,rec-6532-dup-1
rec-6532-dup-0,rec-6532-dup-1
rec-6945-org,rec-6945-dup-0
rec-5363-org,rec-5363-dup-0
rec-5363-org,rec-5363-dup-1
rec-5363-dup-0,rec-5363-dup-1
rec-5363-org,rec-5363-dup-2
rec-5363-dup-0,rec-5363-dup-2
rec-5363-dup-1,rec-5363-dup-2
rec-8257-org,rec-8257-dup-0
rec-8257-org,rec-8257-dup-1
rec-8257-dup-0,rec-8257-dup-1
rec-4792-org,rec-4792-dup-0
rec-4792-org,rec-4792-dup-1
rec-4792-dup-0,rec-4792-dup-1
rec-8188-org,rec-8188-dup-0
rec-8188-org,rec-8188-dup-1
rec-8188-dup-0,rec-8188-dup-1
rec-8188-org,rec-8188-dup-2
rec-8188-dup-0,rec-8188-dup-2
rec-8188-dup-1,rec-8188-dup-2
rec-3440-org,rec-3440-dup-0
rec-3440-org,rec-3440-dup-1
rec-3440-dup-0,rec-3440-dup-1
rec-3440-org,rec-3440-dup-2
rec-3440-dup-0,rec-3440-dup-2
rec-3440-dup-1,rec-3440-dup-2
rec-5584-org,rec-5584-dup-0
rec-5584-org,rec-5584-dup-1
rec-5584-dup-0,rec-5584-dup-1
rec-2828-org,rec-2828-dup-0
rec-2828-org,rec-2828-dup-1
rec-2828-dup-0,rec-2828-dup-1
rec-7760-org,rec-7760-dup-0
rec-7760-org,rec-7760-dup-1
rec-7760-dup-0,rec-7760-dup-1
rec-7760-org,rec-7760-dup-2
rec-7760-dup-0,rec-7760-dup-2
rec-7760-dup-1,rec-7760-dup-2
rec-1575-org,rec-1575-dup-0
rec-1575-org,rec-1575-dup-1
rec-1575-dup-0,rec-1575-dup-1
rec-1575-org,rec-1575-dup-2
rec-1575-dup-0,rec-1575-dup-2
rec-1575-dup-1,rec-1575-dup-2
rec-7240-org,rec-7240-dup-0
rec-7240-org,rec-7240-dup-1
rec-7240-dup-0,rec-7240-dup-1
rec-7240-org,rec-7240-dup-2
rec-7240-dup-0,rec-7240-dup-2
rec-7240-dup-1,rec-7240-dup-2
rec-5253-org,rec-5253-dup-0
rec-5253-org,rec-5253-dup-1
rec-5253-dup-0,rec-5253-dup-1
rec-6254-org,rec-6254-dup-0
rec-6254-org,rec-6254-dup-1
rec-6254-dup-0,rec-6254-dup-1
rec-6254-org,rec-6254-dup-2
rec-6254-dup-0,rec-6254-dup-2
rec-6254-dup-1,rec-6254-dup-2
rec-562-org,rec-562-dup-0
rec-562-org,rec-562-dup-1
rec-562-dup-0,rec-562-dup-1
rec-3797-org,rec-3797-dup-0
rec-3797-org,rec-3797-dup-1
rec-3797-dup-0,rec-3797-dup-1
rec-3797-org,rec-3797-dup-2
rec-3797-dup-0,rec-3797-dup-2
rec-3797-dup-1,rec-3797-dup-2
rec-1494-org,rec-1494-dup-0
rec-8182-org,rec-8182-dup-0
rec-7777-org,rec-7777-dup-0
rec-7777-org,rec-7777-dup-1
rec-7777-dup-0,rec-7777-dup-1
rec-7777-org,rec-7777-dup-2
rec-7777-dup-0,rec-7777-dup-2
rec-7777-dup-1,rec-7777-dup-2
rec-2301-org,rec-2301-dup-0
rec-768-org,rec-768-dup-0
rec-768-org,rec-768-dup-1
rec-768-dup-0,rec-768-dup-1
rec-1327-org,rec-1327-dup-0
rec-1327-org,rec-1327-dup-1
rec-1327-dup-0,rec-1327-dup-1
rec-3790-org,rec-3790-dup-0
rec-3790-org,rec-3790-dup-1
rec-3790-dup-0,rec-3790-dup-1
rec-8340-org,rec-8340-dup-0
rec-8340-org,rec-8340-dup-1
rec-8340-dup-0,rec-8340-dup-1
rec-4794-org,rec-4794-dup-0
rec-4794-org,rec-4794-dup-1
rec-4794-dup-0,rec-4794-dup-1
rec-7121-org,rec-7121-dup-0
rec-7121-org,rec-7121-dup-1
rec-7121-dup-0,rec-7121-dup-1
rec-7121-org,rec-7121-dup-2
rec-7121-dup-0,rec-7121-dup-2
rec-7121-dup-1,rec-7121-dup-2
rec-3928-org,rec-3928-dup-0
rec-3928-org,rec-3928-dup-1
rec-3928-dup-0,rec-3928-dup-1
rec-7763-org,rec-7763-dup-0
rec-4719-org,rec-4719-dup-0
rec-4719-org,rec-4719-dup-1
rec-4719-dup-0,rec-4719-dup-1
rec-4719-org,rec-4719-dup-2
rec-4719-dup-0,rec-4719-dup-2
rec-4719-dup-1,rec-4719-dup-2
rec-5729-org,rec-5729-dup-0
rec-5729-org,rec-5729-dup-1
rec-5729-dup-0,rec-5729-dup-1
rec-5729-org,rec-5729-dup-2
rec-5729-dup-0,rec-5729-dup-2
rec-5729-dup-1,rec-5729-dup-2
rec-4597-org,rec-4597-dup-0
rec-6038-org,rec-6038-dup-0
rec-2762-org,rec-2762-dup-0
rec-2762-org,rec-2762-dup-1
rec-2762-dup-0,rec-2762-dup-1
rec-2762-org,rec-2762-dup-2
rec-2762-dup-0,rec-2762-dup-2
rec-2762-dup-1,rec-2762-dup-2
rec-2001-org,rec-2001-dup-0
rec-2001-org,rec-2001-dup-1
rec-2001-dup-0,rec-2001-dup-1
rec-4095-org,rec-4095-dup-0
rec-4024-org,rec-4024-dup-0
rec-4024-org,rec-4024-dup-1
rec-4024-dup-0,rec-4024-dup-1
rec-4024-org,rec-4024-dup-2
rec-4024-dup-0,rec-4024-dup-2
rec-4024-dup-1,rec-4024-dup-2
rec-3313-org,rec-3313-dup-0
rec-3313-org,rec-3313-dup-1
rec-3313-dup-0,rec-3313-dup-1
rec-3313-org,rec-3313-dup-2
rec-3313-dup-0,rec-3313-dup-2
rec-3313-dup-1,rec-3313-dup-2
rec-1526-org,rec-1526-dup-0
rec-6929-org,rec-6929-dup-0
rec-6929-org,rec-6929-dup-1
rec-6929-dup-0,rec-6929-dup-1
rec-7220-org,rec-7220-dup-0
rec-7220-org,rec-7220-dup-1
rec-7220-dup-0,rec-7220-dup-1
rec-7220-org,rec-7220-dup-2
rec-7220-dup-0,rec-7220-dup-2
rec-7220-dup-1,rec-7220-dup-2
rec-316-org,rec-316-dup-0
rec-316-org,rec-316-dup-1
rec-316-dup-0,rec-316-dup-1
rec-7312-org,rec-7312-dup-0
rec-7312-org,rec-7312-dup-1
rec-7312-dup-0,rec-7312-dup-1
rec-3545-org,rec-3545-dup-0
rec-2627-org,rec-2627-dup-0
rec-2627-org,rec-2627-dup-1
rec-2627-dup-0,rec-2627-dup-1
rec-2627-org,rec-2627-dup-2
rec-2627-dup-0,rec-2627-dup-2
rec-2627-dup-1,rec-2627-dup-2
rec-6800-org,rec-6800-dup-0
rec-6800-org,rec-6800-dup-1
rec-6800-dup-0,rec-6800-dup-1
rec-6800-org,rec-6800-dup-2
rec-6800-dup-0,rec-6800-dup-2
rec-6800-dup-1,rec-6800-dup-2
rec-4451-org,rec-4451-dup-0
rec-4451-org,rec-4451-dup-1
rec-4451-dup-0,rec-4451-dup-1
rec-4451-org,rec-4451-dup-2
rec-4451-dup-0,rec-4451-dup-2
rec-4451-dup-1,rec-4451-dup-2
rec-2991-org,rec-2991-dup-0
rec-202-org,rec-202-dup-0
rec-202-org,rec-202-dup-1
rec-202-dup-0,rec-202-dup-1
rec-1008-org,rec-1008-dup-0
rec-1008-org,rec-1008-dup-1
rec-1008-dup-0,rec-1008-dup-1
rec-586-org,rec-586-dup-0
rec-586-org,rec-586-dup-1
rec-586-dup-0,rec-586-dup-1
rec-586-org,rec-586-dup-2
rec-586-dup-0,rec-586-dup-2
rec-586-dup-1,rec-586-dup-2
rec-6715-org,rec-6715-dup-0
rec-6715-org,rec-6715-dup-1
rec-6715-dup-0,rec-6715-dup-1
rec-4809-org,rec-4809-dup-0
rec-4809-org,rec-4809-dup-1
rec-4809-dup-0,rec-4809-dup-1
rec-7604-org,rec-7604-dup-0
rec-7604-org,rec-7604-dup-1
rec-7604-dup-0,rec-7604-dup-1
rec-5985-org,rec-5985-dup-0
rec-5985-org,rec-5985-dup-1
rec-5985-dup-0,rec-5985-dup-1
rec-3971-org,rec-3971-dup-0
rec-3971-org,rec-3971-dup-1
rec-3971-dup-0,rec-3971-dup-1
rec-4697-org,rec-4697-dup-0
rec-777-org,rec-777-dup-0
rec-777-org,rec-777-dup-1
rec-777-dup-0,rec-777-dup-1
rec-6596-org,rec-6596-dup-0
rec-6596-org,rec-6596-dup-1
rec-6596-dup-0,rec-6596-dup-1
rec-1479-org,rec-1479-dup-0
rec-1479-org,rec-1479-dup-1
rec-1479-dup-0,rec-1479-dup-1
rec-2673-org,rec-2673-dup-0
rec-2673-org,rec-2673-dup-1
rec-2673-dup-0,rec-2673-dup-1
rec-1750-org,rec-1750-dup-0
rec-1750-org,rec-1750-dup-1
rec-1750-dup-0,rec-1750-dup-1
rec-4065-org,rec-4065-dup-0
rec-4065-org,rec-4065-dup-1
rec-4065-dup-0,rec-4065-dup-1
rec-3520-org,rec-3520-dup-0
rec-3468-org,rec-3468-dup-0
rec-3468-org,rec-3468-dup-1
rec-3468-dup-0,rec-3468-dup-1
rec-3468-org,rec-3468-dup-2
rec-3468-dup-0,rec-3468-dup-2
rec-3468-dup-1,rec-3468-dup-2
rec-7691-org,rec-7691-dup-0
rec-7691-org,rec-7691-dup-1
rec-7691-dup-0,rec-7691-dup-1
rec-7881-org,rec-7881-dup-0
rec-7881-org,rec-7881-dup-1
rec-7881-dup-0,rec-7881-dup-1
rec-7881-org,rec-7881-dup-2
rec-7881-dup-0,rec-7881-dup-2
rec-7881-dup-1,rec-7881-dup-2
rec-4317-org,rec-4317-dup-0
rec-4317-org,rec-4317-dup-1
rec-4317-dup-0,rec-4317-dup-1
rec-5120-org,rec-5120-dup-0
rec-4580-org,rec-4580-dup-0
rec-4580-org,rec-4580-dup-1
rec-4580-dup-0,rec-4580-dup-1
rec-7670-org,rec-7670-dup-0
rec-7670-org,rec-7670-dup-1
rec-7670-dup-0,rec-7670-dup-1
rec-2091-org,rec-2091-dup-0
rec-6690-org,rec-6690-dup-0
rec-6690-org,rec-6690-dup-1
rec-6690-dup-0,rec-6690-dup-1
rec-6690-org,rec-6690-dup-2
rec-6690-dup-0,rec-6690-dup-2
rec-6690-dup-1,rec-6690-dup-2
rec-5040-org,rec-5040-dup-0
rec-5040-org,rec-5040-dup-1
rec-5040-dup-0,rec-5040-dup-1
rec-5040-org,rec-5040-dup-2
rec-5040-dup-0,rec-5040-dup-2
rec-5040-dup-1,rec-5040-dup-2
rec-6099-org,rec-6099-dup-0
rec-6099-org,rec-6099-dup-1
rec-6099-dup-0,rec-6099-dup-1
rec-6099-org,rec-6099-dup-2
rec-6099-dup-0,rec-6099-dup-2
rec-6099-dup-1,rec-6099-dup-2
rec-7860-org,rec-7860-dup-0
rec-7860-org,rec-7860-dup-1
rec-7860-dup-0,rec-7860-dup-1
rec-6980-org,rec-6980-dup-0
rec-7475-org,rec-7475-dup-0
rec-6919-org,rec-6919-dup-0
rec-6919-org,rec-6919-dup-1
rec-6919-dup-0,rec-6919-dup-1
rec-7490-org,rec-7490-dup-0
rec-7490-org,rec-7490-dup-1
rec-7490-dup-0,rec-7490-dup-1
rec-8469-org,rec-8469-dup-0
rec-8469-org,rec-8469-dup-1
rec-8469-dup-0,rec-8469-dup-1
rec-3349-org,rec-3349-dup-0
rec-387-org,rec-387-dup-0
rec-4716-org,rec-4716-dup-0
rec-4716-org,rec-4716-dup-1
rec-4716-dup-0,rec-4716-dup-1
rec-4142-org,rec-4142-dup-0
rec-4142-org,rec-4142-dup-1
rec-4142-dup-0,rec-4142-dup-1
rec-4977-org,rec-4977-dup-0
rec-4977-org,rec-4977-dup-1
rec-4977-dup-0,rec-4977-dup-1
rec-6167-org,rec-6167-dup-0
rec-5971-org,rec-5971-dup-0
rec-757-org,rec-757-dup-0
rec-2182-org,rec-2182-dup-0
rec-5881-org,rec-5881-dup-0
rec-3737-org,rec-3737-dup-0
rec-3737-org,rec-3737-dup-1
rec-3737-dup-0,rec-3737-dup-1
rec-7133-org,rec-7133-dup-0
rec-7133-org,rec-7133-dup-1
rec-7133-dup-0,rec-7133-dup-1
rec-584-org,rec-584-dup-0
rec-3271-org,rec-3271-dup-0
rec-3271-org,rec-3271-dup-1
rec-3271-dup-0,rec-3271-dup-1
rec-3479-org,rec-3479-dup-0
rec-1825-org,rec-1825-dup-0
rec-1825-org,rec-1825-dup-1
rec-1825-dup-0,rec-1825-dup-1
rec-231-org,rec-231-dup-0
rec-4380-org,rec-4380-dup-0
rec-4380-org,rec-4380-dup-1
rec-4380-dup-0,rec-4380-dup-1
rec-7365-org,rec-7365-dup-0
rec-6817-org,rec-6817-dup-0
rec-6817-org,rec-6817-dup-1
rec-6817-dup-0,rec-6817-dup-1
rec-1925-org,rec-1925-dup-0
rec-3943-org,rec-3943-dup-0
rec-3943-org,rec-3943-dup-1
rec-3943-dup-0,rec-3943-dup-1
rec-3943-org,rec-3943-dup-2
rec-3943-dup-0,rec-3943-dup-2
rec-3943-dup-1,rec-3943-dup-2
rec-6554-org,rec-6554-dup-0
rec-93-org,rec-93-dup-0
rec-93-org,rec-93-dup-1
rec-93-dup-0,rec-93-dup-1
rec-2560-org,rec-2560-dup-0
rec-6880-org,rec-6880-dup-0
rec-6880-org,rec-6880-dup-1
rec-6880-dup-0,rec-6880-dup-1
rec-6880-org,rec-6880-dup-2
rec-6880-dup-0,rec-6880-dup-2
rec-6880-dup-1,rec-6880-dup-2
rec-8080-org,rec-8080-dup-0
rec-8080-org,rec-8080-dup-1
rec-8080-dup-0,rec-8080-dup-1
rec-8080-org,rec-8080-dup-2
rec-8080-dup-0,rec-8080-dup-2
rec-8080-dup-1,rec-8080-dup-2
rec-4092-org,rec-4092-dup-0
rec-4092-org,rec-4092-dup-1
rec-4092-dup-0,rec-4092-dup-1
rec-4092-org,rec-4092-dup-2
rec-4092-dup-0,rec-4092-dup-2
rec-4092-dup-1,rec-4092-dup-2
rec-5711-org,rec-5711-dup-0
rec-4596-org,rec-4596-dup-0
rec-4929-org,rec-4929-dup-0
rec-4929-org,rec-4929-dup-1
rec-4929-dup-0,rec-4929-dup-1
rec-4929-org,rec-4929-dup-2
rec-4929-dup-0,rec-4929-dup-2
rec-4929-dup-1,rec-4929-dup-2
rec-1717-org,rec-1717-dup-0
rec-1717-org,rec-1717-dup-1
rec-1717-dup-0,rec-1717-dup-1
rec-1717-org,rec-1717-dup-2
rec-1717-dup-0,rec-1717-dup-2
rec-1717-dup-1,rec-1717-dup-2
rec-7546-org,rec-7546-dup-0
rec-2180-org,rec-2180-dup-0
rec-6170-org,rec-6170-dup-0
rec-6170-org,rec-6170-dup-1
rec-6170-dup-0,rec-6170-dup-1
rec-6170-org,rec-6170-dup-2
rec-6170-dup-0,rec-6170-dup-2
rec-6170-dup-1,rec-6170-dup-2
rec-4723-org,rec-4723-dup-0
rec-6121-org,rec-6121-dup-0
rec-6121-org,rec-6121-dup-1
rec-6121-dup-0,rec-6121-dup-1
rec-8134-org,rec-8134-dup-0
rec-4303-org,rec-4303-dup-0
rec-2186-org,rec-2186-dup-0
rec-4500-org,rec-4500-dup-0
rec-8424-org,rec-8424-dup-0
rec-8424-org,rec-8424-dup-1
rec-8424-dup-0,rec-8424-dup-1
rec-8424-org,rec-8424-dup-2
rec-8424-dup-0,rec-8424-dup-2
rec-8424-dup-1,rec-8424-dup-2
rec-4746-org,rec-4746-dup-0
rec-4746-org,rec-4746-dup-1
rec-4746-dup-0,rec-4746-dup-1
rec-4746-org,rec-4746-dup-2
rec-4746-dup-0,rec-4746-dup-2
rec-4746-dup-1,rec-4746-dup-2
rec-8003-org,rec-8003-dup-0
rec-8003-org,rec-8003-dup-1
rec-8003-dup-0,rec-8003-dup-1
rec-2220-org,rec-2220-dup-0
rec-2220-org,rec-2220-dup-1
rec-2220-dup-0,rec-2220-dup-1
rec-6471-org,rec-6471-dup-0
rec-7628-org,rec-7628-dup-0
rec-7628-org,rec-7628-dup-1
rec-7628-dup-0,rec-7628-dup-1
rec-7628-org,rec-7628-dup-2
rec-7628-dup-0,rec-7628-dup-2
rec-7628-dup-1,rec-7628-dup-2
rec-2315-org,rec-2315-dup-0
rec-2315-org,rec-2315-dup-1
rec-2315-dup-0,rec-2315-dup-1
rec-8066-org,rec-8066-dup-0
rec-1877-org,rec-1877-dup-0
rec-1334-org,rec-1334-dup-0
rec-5763-org,rec-5763-dup-0
rec-8264-org,rec-8264-dup-0
rec-8264-org,rec-8264-dup-1
rec-8264-dup-0,rec-8264-dup-1
rec-5164-org,rec-5164-dup-0
rec-5164-org,rec-5164-dup-1
rec-5164-dup-0,rec-5164-dup-1
rec-5164-org,rec-5164-dup-2
rec-5164-dup-0,rec-5164-dup-2
rec-5164-dup-1,rec-5164-dup-2
rec-268-org,rec-268-dup-0
rec-268-org,rec-268-dup-1
rec-268-dup-0,rec-268-dup-1
rec-7948-org,rec-7948-dup-0
rec-7948-org,rec-7948-dup-1
rec-7948-dup-0,rec-7948-dup-1
rec-6045-org,rec-6045-dup-0
rec-6045-org,rec-6045-dup-1
rec-6045-dup-0,rec-6045-dup-1
rec-4042-org,rec-4042-dup-0
rec-4042-org,rec-4042-dup-1
rec-4042-dup-0,rec-4042-dup-1
rec-4042-org,rec-4042-dup-2
rec-4042-dup-0,rec-4042-dup-2
rec-4042-dup-1,rec-4042-dup-2
rec-6557-org,rec-6557-dup-0
rec-4949-org,rec-4949-dup-0
rec-4949-org,rec-4949-dup-1
rec-4949-dup-0,rec-4949-dup-1
rec-6586-org,rec-6586-dup-0
rec-6586-org,rec-6586-dup-1
rec-6586-dup-0,rec-6586-dup-1
rec-6586-org,rec-6586-dup-2
rec-6586-dup-0,rec-6586-dup-2
rec-6586-dup-1,rec-6586-dup-2
rec-7181-org,rec-7181-dup-0
rec-7181-org,rec-7181-dup-1
rec-7181-dup-0,rec-7181-dup-1
rec-7181-org,rec-7181-dup-2
rec-7181-dup-0,rec-7181-dup-2
rec-7181-dup-1,rec-7181-dup-2
rec-5612-org,rec-5612-dup-0
rec-6868-org,rec-6868-dup-0
rec-6868-org,rec-6868-dup-1
rec-6868-dup-0,rec-6868-dup-1
rec-6259-org,rec-6259-dup-0
rec-2738-org,rec-2738-dup-0
rec-2738-org,rec-2738-dup-1
rec-2738-dup-0,rec-2738-dup-1
rec-3596-org,rec-3596-dup-0
rec-2781-org,rec-2781-dup-0
rec-2781-org,rec-2781-dup-1
rec-2781-dup-0,rec-2781-dup-1
rec-2781-org,rec-2781-dup-2
rec-2781-dup-0,rec-2781-dup-2
rec-2781-dup-1,rec-2781-dup-2
rec-2753-org,rec-2753-dup-0
rec-2753-org,rec-2753-dup-1
rec-2753-dup-0,rec-2753-dup-1
rec-4374-org,rec-4374-dup-0
rec-3900-org,rec-3900-dup-0
rec-2684-org,rec-2684-dup-0
rec-2684-org,rec-2684-dup-1
rec-2684-dup-0,rec-2684-dup-1
rec-2684-org,rec-2684-dup-2
rec-2684-dup-0,rec-2684-dup-2
rec-2684-dup-1,rec-2684-dup-2
rec-2154-org,rec-2154-dup-0
rec-2154-org,rec-2154-dup-1
rec-2154-dup-0,rec-2154-dup-1
rec-2154-org,rec-2154-dup-2
rec-2154-dup-0,rec-2154-dup-2
rec-2154-dup-1,rec-2154-dup-2
rec-3248-org,rec-3248-dup-0
rec-3248-org,rec-3248-dup-1
rec-3248-dup-0,rec-3248-dup-1
rec-3248-org,rec-3248-dup-2
rec-3248-dup-0,rec-3248-dup-2
rec-3248-dup-1,rec-3248-dup-2
rec-2248-org,rec-2248-dup-0
rec-2248-org,rec-2248-dup-1
rec-2248-dup-0,rec-2248-dup-1
rec-4101-org,rec-4101-dup-0
rec-4101-org,rec-4101-dup-1
rec-4101-dup-0,rec-4101-dup-1
rec-653-org,rec-653-dup-0
rec-653-org,rec-653-dup-1
rec-653-dup-0,rec-653-dup-1
rec-653-org,rec-653-dup-2
rec-653-dup-0,rec-653-dup-2
rec-653-dup-1,rec-653-dup-2
rec-3781-org,rec-3781-dup-0
rec-3300-org,rec-3300-dup-0
rec-3300-org,rec-3300-dup-1
rec-3300-dup-0,rec-3300-dup-1
rec-3300-org,rec-3300-dup-2
rec-3300-dup-0,rec-3300-dup-2
rec-3300-dup-1,rec-3300-dup-2
rec-7675-org,rec-7675-dup-0
rec-7675-org,rec-7675-dup-1
rec-7675-dup-0,rec-7675-dup-1
rec-5977-org,rec-5977-dup-0
rec-3743-org,rec-3743-dup-0
rec-3743-org,rec-3743-dup-1
rec-3743-dup-0,rec-3743-dup-1
rec-7593-org,rec-7593-dup-0
rec-7593-org,rec-7593-dup-1
rec-7593-dup-0,rec-7593-dup-1
rec-5687-org,rec-5687-dup-0
rec-2757-org,rec-2757-dup-0
rec-2757-org,rec-2757-dup-1
rec-2757-dup-0,rec-2757-dup-1
rec-5734-org,rec-5734-dup-0
rec-5734-org,rec-5734-dup-1
rec-5734-dup-0,rec-5734-dup-1
rec-5734-org,rec-5734-dup-2
rec-5734-dup-0,rec-5734-dup-2
rec-5734-dup-1,rec-5734-dup-2
rec-2965-org,rec-2965-dup-0
rec-5693-org,rec-5693-dup-0
rec-3765-org,rec-3765-dup-0
rec-7729-org,rec-7729-dup-0
rec-5821-org,rec-5821-dup-0
rec-5821-org,rec-5821-dup-1
rec-5821-dup-0,rec-5821-dup-1
rec-5821-org,rec-5821-dup-2
rec-5821-dup-0,rec-5821-dup-2
rec-5821-dup-1,rec-5821-dup-2
rec-807-org,rec-807-dup-0
rec-2884-org,rec-2884-dup-0
rec-2884-org,rec-2884-dup-1
rec-2884-dup-0,rec-2884-dup-1
rec-1971-org,rec-1971-dup-0
rec-1971-org,rec-1971-dup-1
rec-1971-dup-0,rec-1971-dup-1
rec-8032-org,rec-8032-dup-0
rec-8032-org,rec-8032-dup-1
rec-8032-dup-0,rec-8032-dup-1
rec-710-org,rec-710-dup-0
rec-710-org,rec-710-dup-1
rec-710-dup-0,rec-710-dup-1
rec-1364-org,rec-1364-dup-0
rec-1364-org,rec-1364-dup-1
rec-1364-dup-0,rec-1364-dup-1
rec-1364-org,rec-1364-dup-2
rec-1364-dup-0,rec-1364-dup-2
rec-1364-dup-1,rec-1364-dup-2
rec-6436-org,rec-6436-dup-0
rec-6436-org,rec-6436-dup-1
rec-6436-dup-0,rec-6436-dup-1
rec-1419-org,rec-1419-dup-0
rec-1419-org,rec-1419-dup-1
rec-1419-dup-0,rec-1419-dup-1
rec-5142-org,rec-5142-dup-0
rec-5142-org,rec-5142-dup-1
rec-5142-dup-0,rec-5142-dup-1
rec-7174-org,rec-7174-dup-0
rec-7174-org,rec-7174-dup-1
rec-7174-dup-0,rec-7174-dup-1
rec-7174-org,rec-7174-dup-2
rec-7174-dup-0,rec-7174-dup-2
rec-7174-dup-1,rec-7174-dup-2
rec-6007-org,rec-6007-dup-0
rec-6007-org,rec-6007-dup-1
rec-6007-dup-0,rec-6007-dup-1
rec-6007-org,rec-6007-dup-2
rec-6007-dup-0,rec-6007-dup-2
rec-6007-dup-1,rec-6007-dup-2
rec-6588-org,rec-6588-dup-0
rec-4981-org,rec-4981-dup-0
rec-4981-org,rec-4981-dup-1
rec-4981-dup-0,rec-4981-dup-1
rec-1104-org,rec-1104-dup-0
rec-8122-org,rec-8122-dup-0
rec-8122-org,rec-8122-dup-1
rec-8122-dup-0,rec-8122-dup-1
rec-123-org,rec-123-dup-0
rec-123-org,rec-123-dup-1
rec-123-dup-0,rec-123-dup-1
rec-4182-org,rec-4182-dup-0
rec-6470-org,rec-6470-dup-0
rec-6470-org,rec-6470-dup-1
rec-6470-dup-0,rec-6470-dup-1
rec-5564-org,rec-5564-dup-0
rec-4835-org,rec-4835-dup-0
rec-4835-org,rec-4835-dup-1
rec-4835-dup-0,rec-4835-dup-1
rec-6166-org,rec-6166-dup-0
rec-4300-org,rec-4300-dup-0
rec-4300-org,rec-4300-dup-1
rec-4300-dup-0,rec-4300-dup-1
rec-6267-org,rec-6267-dup-0
rec-6267-org,rec-6267-dup-1
rec-6267-dup-0,rec-6267-dup-1
